function_name,code,language,lines_of_code,cyclomatic_complexity,token_count,num_ifs,num_returns,num_func_calls,ast_nodes,defect
go_func_0,"func add(a int, b int) int { return a + b }",go,2,2,12,0,1,1,12,0
python_func_1,"def add(a, b): return a + b",python,2,5,12,0,1,0,12,0
c_func_2,"int divide(int a, int b) { return a / b; }",c,3,4,11,0,1,1,11,1
cpp_func_3,"int add(int a, int b) { return a + b; }",cpp,6,5,11,0,1,1,11,0
cpp_func_4,"int add(int a, int b) { return a + b; }",cpp,2,3,11,0,1,1,11,0
c_func_5,"int divide(int a, int b) { return a / b; }",c,4,4,11,0,1,1,11,1
go_func_6,"func divide(a int, b int) int { return a / b }",go,5,4,12,0,1,1,12,1
rust_func_7,"fn divide(a: i32, b: i32) -> i32 { a / b }",rust,4,5,12,0,0,1,12,1
java_func_8,"public int divide(int a, int b) { return a / b; }",java,1,3,12,0,1,1,12,1
rust_func_9,"fn divide(a: i32, b: i32) -> i32 { a / b }",rust,5,1,12,0,0,1,12,1
rust_func_10,"fn divide(a: i32, b: i32) -> i32 { a / b }",rust,4,2,12,0,0,1,12,1
java_func_11,"public int divide(int a, int b) { return a / b; }",java,3,2,12,0,1,1,12,1
python_func_12,"def divide(a, b): return a / b",python,5,5,12,0,1,0,12,1
python_func_13,"def add(a, b): return a + b",python,3,1,12,0,1,0,12,0
rust_func_14,"fn divide(a: i32, b: i32) -> i32 { a / b }",rust,2,5,12,0,0,1,12,1
cpp_func_15,"int add(int a, int b) { return a + b; }",cpp,2,5,11,0,1,1,11,0
python_func_16,"def add(a, b): return a + b",python,4,5,12,0,1,0,12,0
java_func_17,"public int divide(int a, int b) { return a / b; }",java,5,1,12,0,1,1,12,1
c_func_18,"int add(int a, int b) { return a + b; }",c,1,4,11,0,1,1,11,0
c_func_19,"int add(int a, int b) { return a + b; }",c,6,3,11,0,1,1,11,0
java_func_20,"public int add(int a, int b) { return a + b; }",java,3,4,12,0,1,1,12,0
python_func_21,"def add(a, b): return a + b",python,5,5,12,0,1,0,12,0
java_func_22,"public int divide(int a, int b) { return a / b; }",java,3,1,12,0,1,1,12,1
java_func_23,"public int add(int a, int b) { return a + b; }",java,3,4,12,0,1,1,12,0
cpp_func_24,"int divide(int a, int b) { return a / b; }",cpp,4,2,11,0,1,1,11,1
c_func_25,"int add(int a, int b) { return a + b; }",c,3,4,11,0,1,1,11,0
java_func_26,"public int add(int a, int b) { return a + b; }",java,3,5,12,0,1,1,12,0
c_func_27,"int divide(int a, int b) { return a / b; }",c,6,2,11,0,1,1,11,1
go_func_28,"func add(a int, b int) int { return a + b }",go,6,5,12,0,1,1,12,0
python_func_29,def read_file(name): file = open(name); return file.read(),python,4,1,18,0,1,2,18,1
c_func_30,"int divide(int a, int b) { return a / b; }",c,1,5,11,0,1,1,11,1
java_func_31,"public int add(int a, int b) { return a + b; }",java,3,3,12,0,1,1,12,0
javascript_func_32,"function add(a, b) { return a + b; }",javascript,6,1,9,0,1,1,9,0
python_func_33,def read_file(name): file = open(name); return file.read(),python,4,4,18,0,1,2,18,1
rust_func_34,"fn add(a: i32, b: i32) -> i32 { a + b }",rust,3,2,12,0,0,1,12,0
go_func_35,"func add(a int, b int) int { return a + b }",go,1,3,12,0,1,1,12,0
go_func_36,"func add(a int, b int) int { return a + b }",go,1,3,12,0,1,1,12,0
go_func_37,"func add(a int, b int) int { return a + b }",go,4,1,12,0,1,1,12,0
cpp_func_38,"int add(int a, int b) { return a + b; }",cpp,6,2,11,0,1,1,11,0
go_func_39,"func add(a int, b int) int { return a + b }",go,2,5,12,0,1,1,12,0
javascript_func_40,"function add(a, b) { return a + b; }",javascript,6,2,9,0,1,1,9,0
javascript_func_41,"function divide(a, b) { return a / b; }",javascript,1,4,9,0,1,1,9,1
rust_func_42,"fn add(a: i32, b: i32) -> i32 { a + b }",rust,6,1,12,0,0,1,12,0
python_func_43,def read_file(name): file = open(name); return file.read(),python,1,1,18,0,1,2,18,1
cpp_func_44,"int add(int a, int b) { return a + b; }",cpp,6,1,11,0,1,1,11,0
python_func_45,"def add(a, b): return a + b",python,6,2,12,0,1,0,12,0
javascript_func_46,"function divide(a, b) { return a / b; }",javascript,5,5,9,0,1,1,9,1
c_func_47,"int add(int a, int b) { return a + b; }",c,2,3,11,0,1,1,11,0
java_func_48,"public int add(int a, int b) { return a + b; }",java,1,4,12,0,1,1,12,0
python_func_49,"def add(a, b): return a + b",python,6,5,12,0,1,0,12,0
java_func_50,"public int add(int a, int b) { return a + b; }",java,1,3,12,0,1,1,12,0
javascript_func_51,"function divide(a, b) { return a / b; }",javascript,2,1,9,0,1,1,9,1
javascript_func_52,"function add(a, b) { return a + b; }",javascript,5,1,9,0,1,1,9,0
javascript_func_53,"function divide(a, b) { return a / b; }",javascript,1,2,9,0,1,1,9,1
python_func_54,"def divide(a, b): return a / b",python,1,3,12,0,1,0,12,1
go_func_55,"func divide(a int, b int) int { return a / b }",go,4,2,12,0,1,1,12,1
c_func_56,"int divide(int a, int b) { return a / b; }",c,4,1,11,0,1,1,11,1
c_func_57,"int divide(int a, int b) { return a / b; }",c,2,2,11,0,1,1,11,1
java_func_58,"public int divide(int a, int b) { return a / b; }",java,6,4,12,0,1,1,12,1
c_func_59,"int add(int a, int b) { return a + b; }",c,3,1,11,0,1,1,11,0
go_func_60,"func add(a int, b int) int { return a + b }",go,3,3,12,0,1,1,12,0
javascript_func_61,"function add(a, b) { return a + b; }",javascript,3,5,9,0,1,1,9,0
c_func_62,"int add(int a, int b) { return a + b; }",c,4,5,11,0,1,1,11,0
java_func_63,"public int add(int a, int b) { return a + b; }",java,3,4,12,0,1,1,12,0
python_func_64,"def divide(a, b): return a / b",python,1,1,12,0,1,0,12,1
python_func_65,"def divide(a, b): return a / b",python,3,5,12,0,1,0,12,1
c_func_66,"int add(int a, int b) { return a + b; }",c,5,3,11,0,1,1,11,0
python_func_67,"def divide(a, b): return a / b",python,6,3,12,0,1,0,12,1
javascript_func_68,"function divide(a, b) { return a / b; }",javascript,5,3,9,0,1,1,9,1
go_func_69,"func add(a int, b int) int { return a + b }",go,3,4,12,0,1,1,12,0
rust_func_70,"fn divide(a: i32, b: i32) -> i32 { a / b }",rust,2,3,12,0,0,1,12,1
go_func_71,"func add(a int, b int) int { return a + b }",go,1,2,12,0,1,1,12,0
javascript_func_72,"function add(a, b) { return a + b; }",javascript,2,5,9,0,1,1,9,0
java_func_73,"public int divide(int a, int b) { return a / b; }",java,2,4,12,0,1,1,12,1
cpp_func_74,"int add(int a, int b) { return a + b; }",cpp,2,3,11,0,1,1,11,0
c_func_75,"int divide(int a, int b) { return a / b; }",c,3,1,11,0,1,1,11,1
cpp_func_76,"int divide(int a, int b) { return a / b; }",cpp,6,1,11,0,1,1,11,1
rust_func_77,"fn add(a: i32, b: i32) -> i32 { a + b }",rust,3,3,12,0,0,1,12,0
cpp_func_78,"int add(int a, int b) { return a + b; }",cpp,5,3,11,0,1,1,11,0
cpp_func_79,"int divide(int a, int b) { return a / b; }",cpp,5,5,11,0,1,1,11,1
cpp_func_80,"int add(int a, int b) { return a + b; }",cpp,6,2,11,0,1,1,11,0
java_func_81,"public int add(int a, int b) { return a + b; }",java,5,3,12,0,1,1,12,0
cpp_func_82,"int add(int a, int b) { return a + b; }",cpp,1,2,11,0,1,1,11,0
cpp_func_83,"int divide(int a, int b) { return a / b; }",cpp,2,1,11,0,1,1,11,1
cpp_func_84,"int divide(int a, int b) { return a / b; }",cpp,5,3,11,0,1,1,11,1
go_func_85,"func add(a int, b int) int { return a + b }",go,3,4,12,0,1,1,12,0
go_func_86,"func add(a int, b int) int { return a + b }",go,4,1,12,0,1,1,12,0
go_func_87,"func add(a int, b int) int { return a + b }",go,3,4,12,0,1,1,12,0
rust_func_88,"fn divide(a: i32, b: i32) -> i32 { a / b }",rust,1,2,12,0,0,1,12,1
python_func_89,"def divide(a, b): return a / b",python,1,4,12,0,1,0,12,1
javascript_func_90,"function divide(a, b) { return a / b; }",javascript,4,2,9,0,1,1,9,1
go_func_91,"func divide(a int, b int) int { return a / b }",go,5,3,12,0,1,1,12,1
cpp_func_92,"int add(int a, int b) { return a + b; }",cpp,1,1,11,0,1,1,11,0
rust_func_93,"fn divide(a: i32, b: i32) -> i32 { a / b }",rust,4,1,12,0,0,1,12,1
c_func_94,"int divide(int a, int b) { return a / b; }",c,4,5,11,0,1,1,11,1
cpp_func_95,"int divide(int a, int b) { return a / b; }",cpp,5,3,11,0,1,1,11,1
javascript_func_96,"function add(a, b) { return a + b; }",javascript,5,4,9,0,1,1,9,0
cpp_func_97,"int add(int a, int b) { return a + b; }",cpp,4,4,11,0,1,1,11,0
go_func_98,"func divide(a int, b int) int { return a / b }",go,1,4,12,0,1,1,12,1
java_func_99,"public int add(int a, int b) { return a + b; }",java,1,2,12,0,1,1,12,0
javascript_func_100,"function divide(a, b) { return a / b; }",javascript,2,1,9,0,1,1,9,1
python_func_101,def read_file(name): file = open(name); return file.read(),python,5,4,18,0,1,2,18,1
rust_func_102,"fn add(a: i32, b: i32) -> i32 { a + b }",rust,2,3,12,0,0,1,12,0
javascript_func_103,"function add(a, b) { return a + b; }",javascript,1,2,9,0,1,1,9,0
java_func_104,"public int add(int a, int b) { return a + b; }",java,5,3,12,0,1,1,12,0
python_func_105,"def divide(a, b): return a / b",python,6,1,12,0,1,0,12,1
java_func_106,"public int add(int a, int b) { return a + b; }",java,4,5,12,0,1,1,12,0
python_func_107,"def add(a, b): return a + b",python,4,4,12,0,1,0,12,0
java_func_108,"public int add(int a, int b) { return a + b; }",java,6,2,12,0,1,1,12,0
javascript_func_109,"function divide(a, b) { return a / b; }",javascript,5,5,9,0,1,1,9,1
cpp_func_110,"int add(int a, int b) { return a + b; }",cpp,4,4,11,0,1,1,11,0
java_func_111,"public int add(int a, int b) { return a + b; }",java,3,5,12,0,1,1,12,0
cpp_func_112,"int divide(int a, int b) { return a / b; }",cpp,2,3,11,0,1,1,11,1
c_func_113,"int divide(int a, int b) { return a / b; }",c,2,4,11,0,1,1,11,1
go_func_114,"func divide(a int, b int) int { return a / b }",go,2,2,12,0,1,1,12,1
javascript_func_115,"function divide(a, b) { return a / b; }",javascript,1,2,9,0,1,1,9,1
go_func_116,"func add(a int, b int) int { return a + b }",go,2,4,12,0,1,1,12,0
cpp_func_117,"int divide(int a, int b) { return a / b; }",cpp,1,2,11,0,1,1,11,1
rust_func_118,"fn add(a: i32, b: i32) -> i32 { a + b }",rust,1,4,12,0,0,1,12,0
cpp_func_119,"int add(int a, int b) { return a + b; }",cpp,4,5,11,0,1,1,11,0
python_func_120,"def add(a, b): return a + b",python,4,4,12,0,1,0,12,0
javascript_func_121,"function add(a, b) { return a + b; }",javascript,4,3,9,0,1,1,9,0
c_func_122,"int divide(int a, int b) { return a / b; }",c,2,3,11,0,1,1,11,1
java_func_123,"public int add(int a, int b) { return a + b; }",java,5,3,12,0,1,1,12,0
go_func_124,"func add(a int, b int) int { return a + b }",go,2,4,12,0,1,1,12,0
javascript_func_125,"function divide(a, b) { return a / b; }",javascript,4,2,9,0,1,1,9,1
python_func_126,"def divide(a, b): return a / b",python,1,5,12,0,1,0,12,1
cpp_func_127,"int add(int a, int b) { return a + b; }",cpp,6,2,11,0,1,1,11,0
javascript_func_128,"function add(a, b) { return a + b; }",javascript,6,5,9,0,1,1,9,0
javascript_func_129,"function add(a, b) { return a + b; }",javascript,4,4,9,0,1,1,9,0
cpp_func_130,"int divide(int a, int b) { return a / b; }",cpp,6,5,11,0,1,1,11,1
java_func_131,"public int divide(int a, int b) { return a / b; }",java,4,2,12,0,1,1,12,1
cpp_func_132,"int divide(int a, int b) { return a / b; }",cpp,1,3,11,0,1,1,11,1
go_func_133,"func add(a int, b int) int { return a + b }",go,2,1,12,0,1,1,12,0
python_func_134,def read_file(name): file = open(name); return file.read(),python,1,2,18,0,1,2,18,1
javascript_func_135,"function add(a, b) { return a + b; }",javascript,6,5,9,0,1,1,9,0
go_func_136,"func add(a int, b int) int { return a + b }",go,1,4,12,0,1,1,12,0
javascript_func_137,"function add(a, b) { return a + b; }",javascript,4,1,9,0,1,1,9,0
java_func_138,"public int add(int a, int b) { return a + b; }",java,1,5,12,0,1,1,12,0
python_func_139,def read_file(name): file = open(name); return file.read(),python,2,3,18,0,1,2,18,1
go_func_140,"func add(a int, b int) int { return a + b }",go,4,4,12,0,1,1,12,0
python_func_141,"def add(a, b): return a + b",python,6,1,12,0,1,0,12,0
python_func_142,"def add(a, b): return a + b",python,2,2,12,0,1,0,12,0
java_func_143,"public int add(int a, int b) { return a + b; }",java,1,3,12,0,1,1,12,0
javascript_func_144,"function add(a, b) { return a + b; }",javascript,5,3,9,0,1,1,9,0
java_func_145,"public int divide(int a, int b) { return a / b; }",java,4,3,12,0,1,1,12,1
python_func_146,def read_file(name): file = open(name); return file.read(),python,2,2,18,0,1,2,18,1
python_func_147,def read_file(name): file = open(name); return file.read(),python,1,1,18,0,1,2,18,1
rust_func_148,"fn divide(a: i32, b: i32) -> i32 { a / b }",rust,3,3,12,0,0,1,12,1
c_func_149,"int divide(int a, int b) { return a / b; }",c,1,3,11,0,1,1,11,1
c_func_150,"int divide(int a, int b) { return a / b; }",c,5,3,11,0,1,1,11,1
rust_func_151,"fn add(a: i32, b: i32) -> i32 { a + b }",rust,6,1,12,0,0,1,12,0
java_func_152,"public int add(int a, int b) { return a + b; }",java,6,1,12,0,1,1,12,0
javascript_func_153,"function add(a, b) { return a + b; }",javascript,1,2,9,0,1,1,9,0
rust_func_154,"fn add(a: i32, b: i32) -> i32 { a + b }",rust,1,2,12,0,0,1,12,0
rust_func_155,"fn add(a: i32, b: i32) -> i32 { a + b }",rust,5,3,12,0,0,1,12,0
c_func_156,"int divide(int a, int b) { return a / b; }",c,6,2,11,0,1,1,11,1
c_func_157,"int add(int a, int b) { return a + b; }",c,4,4,11,0,1,1,11,0
c_func_158,"int divide(int a, int b) { return a / b; }",c,5,5,11,0,1,1,11,1
c_func_159,"int add(int a, int b) { return a + b; }",c,3,4,11,0,1,1,11,0
go_func_160,"func add(a int, b int) int { return a + b }",go,1,1,12,0,1,1,12,0
c_func_161,"int divide(int a, int b) { return a / b; }",c,1,4,11,0,1,1,11,1
cpp_func_162,"int add(int a, int b) { return a + b; }",cpp,1,1,11,0,1,1,11,0
python_func_163,def read_file(name): file = open(name); return file.read(),python,1,5,18,0,1,2,18,1
python_func_164,def read_file(name): file = open(name); return file.read(),python,2,2,18,0,1,2,18,1
rust_func_165,"fn divide(a: i32, b: i32) -> i32 { a / b }",rust,5,1,12,0,0,1,12,1
python_func_166,"def divide(a, b): return a / b",python,5,2,12,0,1,0,12,1
java_func_167,"public int divide(int a, int b) { return a / b; }",java,4,4,12,0,1,1,12,1
javascript_func_168,"function add(a, b) { return a + b; }",javascript,4,1,9,0,1,1,9,0
cpp_func_169,"int divide(int a, int b) { return a / b; }",cpp,6,5,11,0,1,1,11,1
javascript_func_170,"function add(a, b) { return a + b; }",javascript,3,4,9,0,1,1,9,0
python_func_171,def read_file(name): file = open(name); return file.read(),python,6,4,18,0,1,2,18,1
python_func_172,def read_file(name): file = open(name); return file.read(),python,4,4,18,0,1,2,18,1
java_func_173,"public int add(int a, int b) { return a + b; }",java,5,2,12,0,1,1,12,0
go_func_174,"func divide(a int, b int) int { return a / b }",go,4,1,12,0,1,1,12,1
c_func_175,"int add(int a, int b) { return a + b; }",c,2,5,11,0,1,1,11,0
python_func_176,"def divide(a, b): return a / b",python,6,5,12,0,1,0,12,1
go_func_177,"func divide(a int, b int) int { return a / b }",go,2,5,12,0,1,1,12,1
c_func_178,"int divide(int a, int b) { return a / b; }",c,1,1,11,0,1,1,11,1
python_func_179,"def divide(a, b): return a / b",python,4,4,12,0,1,0,12,1
c_func_180,"int add(int a, int b) { return a + b; }",c,1,1,11,0,1,1,11,0
rust_func_181,"fn add(a: i32, b: i32) -> i32 { a + b }",rust,6,1,12,0,0,1,12,0
rust_func_182,"fn divide(a: i32, b: i32) -> i32 { a / b }",rust,4,2,12,0,0,1,12,1
python_func_183,def read_file(name): file = open(name); return file.read(),python,2,4,18,0,1,2,18,1
rust_func_184,"fn add(a: i32, b: i32) -> i32 { a + b }",rust,1,3,12,0,0,1,12,0
cpp_func_185,"int add(int a, int b) { return a + b; }",cpp,3,4,11,0,1,1,11,0
c_func_186,"int add(int a, int b) { return a + b; }",c,3,1,11,0,1,1,11,0
go_func_187,"func add(a int, b int) int { return a + b }",go,4,1,12,0,1,1,12,0
rust_func_188,"fn add(a: i32, b: i32) -> i32 { a + b }",rust,2,2,12,0,0,1,12,0
cpp_func_189,"int add(int a, int b) { return a + b; }",cpp,4,1,11,0,1,1,11,0
go_func_190,"func add(a int, b int) int { return a + b }",go,5,3,12,0,1,1,12,0
cpp_func_191,"int add(int a, int b) { return a + b; }",cpp,3,3,11,0,1,1,11,0
rust_func_192,"fn divide(a: i32, b: i32) -> i32 { a / b }",rust,2,3,12,0,0,1,12,1
c_func_193,"int add(int a, int b) { return a + b; }",c,6,4,11,0,1,1,11,0
cpp_func_194,"int add(int a, int b) { return a + b; }",cpp,3,1,11,0,1,1,11,0
rust_func_195,"fn add(a: i32, b: i32) -> i32 { a + b }",rust,5,5,12,0,0,1,12,0
rust_func_196,"fn add(a: i32, b: i32) -> i32 { a + b }",rust,6,3,12,0,0,1,12,0
rust_func_197,"fn divide(a: i32, b: i32) -> i32 { a / b }",rust,1,3,12,0,0,1,12,1
python_func_198,"def divide(a, b): return a / b",python,5,4,12,0,1,0,12,1
javascript_func_199,"function divide(a, b) { return a / b; }",javascript,1,5,9,0,1,1,9,1
java_func_200,"public int add(int a, int b) { return a + b; }",java,4,4,12,0,1,1,12,0
cpp_func_201,"int divide(int a, int b) { return a / b; }",cpp,1,1,11,0,1,1,11,1
python_func_202,"def add(a, b): return a + b",python,5,5,12,0,1,0,12,0
rust_func_203,"fn add(a: i32, b: i32) -> i32 { a + b }",rust,4,5,12,0,0,1,12,0
cpp_func_204,"int divide(int a, int b) { return a / b; }",cpp,2,2,11,0,1,1,11,1
javascript_func_205,"function divide(a, b) { return a / b; }",javascript,5,1,9,0,1,1,9,1
rust_func_206,"fn add(a: i32, b: i32) -> i32 { a + b }",rust,3,3,12,0,0,1,12,0
java_func_207,"public int add(int a, int b) { return a + b; }",java,5,3,12,0,1,1,12,0
python_func_208,"def divide(a, b): return a / b",python,4,1,12,0,1,0,12,1
java_func_209,"public int divide(int a, int b) { return a / b; }",java,5,4,12,0,1,1,12,1
javascript_func_210,"function divide(a, b) { return a / b; }",javascript,4,3,9,0,1,1,9,1
java_func_211,"public int add(int a, int b) { return a + b; }",java,1,3,12,0,1,1,12,0
java_func_212,"public int add(int a, int b) { return a + b; }",java,2,1,12,0,1,1,12,0
go_func_213,"func divide(a int, b int) int { return a / b }",go,1,2,12,0,1,1,12,1
go_func_214,"func add(a int, b int) int { return a + b }",go,3,2,12,0,1,1,12,0
cpp_func_215,"int divide(int a, int b) { return a / b; }",cpp,1,2,11,0,1,1,11,1
javascript_func_216,"function divide(a, b) { return a / b; }",javascript,2,4,9,0,1,1,9,1
go_func_217,"func add(a int, b int) int { return a + b }",go,4,2,12,0,1,1,12,0
java_func_218,"public int add(int a, int b) { return a + b; }",java,6,5,12,0,1,1,12,0
java_func_219,"public int add(int a, int b) { return a + b; }",java,5,2,12,0,1,1,12,0
rust_func_220,"fn divide(a: i32, b: i32) -> i32 { a / b }",rust,1,3,12,0,0,1,12,1
c_func_221,"int divide(int a, int b) { return a / b; }",c,3,2,11,0,1,1,11,1
java_func_222,"public int add(int a, int b) { return a + b; }",java,4,3,12,0,1,1,12,0
javascript_func_223,"function divide(a, b) { return a / b; }",javascript,3,1,9,0,1,1,9,1
python_func_224,"def add(a, b): return a + b",python,4,5,12,0,1,0,12,0
c_func_225,"int divide(int a, int b) { return a / b; }",c,4,5,11,0,1,1,11,1
javascript_func_226,"function add(a, b) { return a + b; }",javascript,3,5,9,0,1,1,9,0
c_func_227,"int divide(int a, int b) { return a / b; }",c,6,5,11,0,1,1,11,1
javascript_func_228,"function divide(a, b) { return a / b; }",javascript,4,5,9,0,1,1,9,1
c_func_229,"int divide(int a, int b) { return a / b; }",c,6,3,11,0,1,1,11,1
go_func_230,"func divide(a int, b int) int { return a / b }",go,5,3,12,0,1,1,12,1
c_func_231,"int divide(int a, int b) { return a / b; }",c,4,4,11,0,1,1,11,1
cpp_func_232,"int divide(int a, int b) { return a / b; }",cpp,6,5,11,0,1,1,11,1
javascript_func_233,"function add(a, b) { return a + b; }",javascript,2,5,9,0,1,1,9,0
python_func_234,"def divide(a, b): return a / b",python,4,1,12,0,1,0,12,1
c_func_235,"int divide(int a, int b) { return a / b; }",c,2,5,11,0,1,1,11,1
rust_func_236,"fn add(a: i32, b: i32) -> i32 { a + b }",rust,4,1,12,0,0,1,12,0
python_func_237,"def divide(a, b): return a / b",python,1,2,12,0,1,0,12,1
cpp_func_238,"int add(int a, int b) { return a + b; }",cpp,1,4,11,0,1,1,11,0
java_func_239,"public int add(int a, int b) { return a + b; }",java,3,2,12,0,1,1,12,0
rust_func_240,"fn divide(a: i32, b: i32) -> i32 { a / b }",rust,6,3,12,0,0,1,12,1
java_func_241,"public int add(int a, int b) { return a + b; }",java,6,3,12,0,1,1,12,0
go_func_242,"func add(a int, b int) int { return a + b }",go,6,5,12,0,1,1,12,0
cpp_func_243,"int add(int a, int b) { return a + b; }",cpp,4,5,11,0,1,1,11,0
go_func_244,"func divide(a int, b int) int { return a / b }",go,3,4,12,0,1,1,12,1
java_func_245,"public int add(int a, int b) { return a + b; }",java,3,3,12,0,1,1,12,0
rust_func_246,"fn add(a: i32, b: i32) -> i32 { a + b }",rust,1,3,12,0,0,1,12,0
go_func_247,"func divide(a int, b int) int { return a / b }",go,6,3,12,0,1,1,12,1
python_func_248,"def divide(a, b): return a / b",python,4,1,12,0,1,0,12,1
c_func_249,"int divide(int a, int b) { return a / b; }",c,5,3,11,0,1,1,11,1
c_func_250,"int add(int a, int b) { return a + b; }",c,1,2,11,0,1,1,11,0
go_func_251,"func add(a int, b int) int { return a + b }",go,4,1,12,0,1,1,12,0
java_func_252,"public int divide(int a, int b) { return a / b; }",java,5,2,12,0,1,1,12,1
go_func_253,"func add(a int, b int) int { return a + b }",go,5,5,12,0,1,1,12,0
rust_func_254,"fn add(a: i32, b: i32) -> i32 { a + b }",rust,6,4,12,0,0,1,12,0
python_func_255,def read_file(name): file = open(name); return file.read(),python,1,4,18,0,1,2,18,1
java_func_256,"public int divide(int a, int b) { return a / b; }",java,1,2,12,0,1,1,12,1
python_func_257,"def add(a, b): return a + b",python,2,1,12,0,1,0,12,0
c_func_258,"int add(int a, int b) { return a + b; }",c,5,2,11,0,1,1,11,0
go_func_259,"func add(a int, b int) int { return a + b }",go,3,3,12,0,1,1,12,0
rust_func_260,"fn divide(a: i32, b: i32) -> i32 { a / b }",rust,4,3,12,0,0,1,12,1
cpp_func_261,"int divide(int a, int b) { return a / b; }",cpp,5,5,11,0,1,1,11,1
python_func_262,"def add(a, b): return a + b",python,4,4,12,0,1,0,12,0
go_func_263,"func divide(a int, b int) int { return a / b }",go,2,3,12,0,1,1,12,1
javascript_func_264,"function add(a, b) { return a + b; }",javascript,1,3,9,0,1,1,9,0
python_func_265,"def add(a, b): return a + b",python,5,1,12,0,1,0,12,0
cpp_func_266,"int divide(int a, int b) { return a / b; }",cpp,1,2,11,0,1,1,11,1
rust_func_267,"fn add(a: i32, b: i32) -> i32 { a + b }",rust,3,5,12,0,0,1,12,0
javascript_func_268,"function divide(a, b) { return a / b; }",javascript,1,1,9,0,1,1,9,1
rust_func_269,"fn divide(a: i32, b: i32) -> i32 { a / b }",rust,5,4,12,0,0,1,12,1
javascript_func_270,"function divide(a, b) { return a / b; }",javascript,4,3,9,0,1,1,9,1
java_func_271,"public int add(int a, int b) { return a + b; }",java,2,3,12,0,1,1,12,0
go_func_272,"func divide(a int, b int) int { return a / b }",go,1,4,12,0,1,1,12,1
rust_func_273,"fn add(a: i32, b: i32) -> i32 { a + b }",rust,6,3,12,0,0,1,12,0
go_func_274,"func divide(a int, b int) int { return a / b }",go,6,4,12,0,1,1,12,1
c_func_275,"int add(int a, int b) { return a + b; }",c,2,1,11,0,1,1,11,0
java_func_276,"public int add(int a, int b) { return a + b; }",java,3,4,12,0,1,1,12,0
python_func_277,def read_file(name): file = open(name); return file.read(),python,2,2,18,0,1,2,18,1
java_func_278,"public int add(int a, int b) { return a + b; }",java,3,1,12,0,1,1,12,0
javascript_func_279,"function add(a, b) { return a + b; }",javascript,2,1,9,0,1,1,9,0
go_func_280,"func add(a int, b int) int { return a + b }",go,4,5,12,0,1,1,12,0
rust_func_281,"fn add(a: i32, b: i32) -> i32 { a + b }",rust,5,1,12,0,0,1,12,0
c_func_282,"int add(int a, int b) { return a + b; }",c,6,5,11,0,1,1,11,0
c_func_283,"int divide(int a, int b) { return a / b; }",c,4,4,11,0,1,1,11,1
cpp_func_284,"int divide(int a, int b) { return a / b; }",cpp,1,2,11,0,1,1,11,1
go_func_285,"func divide(a int, b int) int { return a / b }",go,5,2,12,0,1,1,12,1
java_func_286,"public int add(int a, int b) { return a + b; }",java,3,1,12,0,1,1,12,0
go_func_287,"func divide(a int, b int) int { return a / b }",go,4,1,12,0,1,1,12,1
java_func_288,"public int add(int a, int b) { return a + b; }",java,2,3,12,0,1,1,12,0
java_func_289,"public int divide(int a, int b) { return a / b; }",java,3,3,12,0,1,1,12,1
python_func_290,def read_file(name): file = open(name); return file.read(),python,2,3,18,0,1,2,18,1
java_func_291,"public int divide(int a, int b) { return a / b; }",java,3,3,12,0,1,1,12,1
java_func_292,"public int add(int a, int b) { return a + b; }",java,5,4,12,0,1,1,12,0
python_func_293,"def divide(a, b): return a / b",python,1,5,12,0,1,0,12,1
rust_func_294,"fn add(a: i32, b: i32) -> i32 { a + b }",rust,4,3,12,0,0,1,12,0
java_func_295,"public int divide(int a, int b) { return a / b; }",java,3,1,12,0,1,1,12,1
javascript_func_296,"function add(a, b) { return a + b; }",javascript,3,3,9,0,1,1,9,0
python_func_297,"def add(a, b): return a + b",python,5,1,12,0,1,0,12,0
javascript_func_298,"function divide(a, b) { return a / b; }",javascript,4,3,9,0,1,1,9,1
java_func_299,"public int divide(int a, int b) { return a / b; }",java,5,4,12,0,1,1,12,1
c_func_300,"int add(int a, int b) { return a + b; }",c,1,4,11,0,1,1,11,0
rust_func_301,"fn add(a: i32, b: i32) -> i32 { a + b }",rust,2,2,12,0,0,1,12,0
java_func_302,"public int divide(int a, int b) { return a / b; }",java,2,4,12,0,1,1,12,1
cpp_func_303,"int divide(int a, int b) { return a / b; }",cpp,2,1,11,0,1,1,11,1
go_func_304,"func add(a int, b int) int { return a + b }",go,1,5,12,0,1,1,12,0
go_func_305,"func divide(a int, b int) int { return a / b }",go,3,4,12,0,1,1,12,1
c_func_306,"int divide(int a, int b) { return a / b; }",c,2,3,11,0,1,1,11,1
c_func_307,"int divide(int a, int b) { return a / b; }",c,1,4,11,0,1,1,11,1
go_func_308,"func add(a int, b int) int { return a + b }",go,5,5,12,0,1,1,12,0
cpp_func_309,"int add(int a, int b) { return a + b; }",cpp,5,2,11,0,1,1,11,0
c_func_310,"int add(int a, int b) { return a + b; }",c,4,2,11,0,1,1,11,0
go_func_311,"func add(a int, b int) int { return a + b }",go,2,2,12,0,1,1,12,0
python_func_312,"def divide(a, b): return a / b",python,3,1,12,0,1,0,12,1
javascript_func_313,"function add(a, b) { return a + b; }",javascript,3,1,9,0,1,1,9,0
javascript_func_314,"function add(a, b) { return a + b; }",javascript,2,3,9,0,1,1,9,0
rust_func_315,"fn add(a: i32, b: i32) -> i32 { a + b }",rust,6,5,12,0,0,1,12,0
c_func_316,"int add(int a, int b) { return a + b; }",c,6,5,11,0,1,1,11,0
cpp_func_317,"int add(int a, int b) { return a + b; }",cpp,5,5,11,0,1,1,11,0
go_func_318,"func add(a int, b int) int { return a + b }",go,5,4,12,0,1,1,12,0
c_func_319,"int divide(int a, int b) { return a / b; }",c,4,2,11,0,1,1,11,1
rust_func_320,"fn divide(a: i32, b: i32) -> i32 { a / b }",rust,3,2,12,0,0,1,12,1
java_func_321,"public int divide(int a, int b) { return a / b; }",java,3,3,12,0,1,1,12,1
c_func_322,"int divide(int a, int b) { return a / b; }",c,4,3,11,0,1,1,11,1
java_func_323,"public int divide(int a, int b) { return a / b; }",java,6,4,12,0,1,1,12,1
javascript_func_324,"function divide(a, b) { return a / b; }",javascript,3,2,9,0,1,1,9,1
go_func_325,"func divide(a int, b int) int { return a / b }",go,6,5,12,0,1,1,12,1
go_func_326,"func add(a int, b int) int { return a + b }",go,1,4,12,0,1,1,12,0
javascript_func_327,"function divide(a, b) { return a / b; }",javascript,3,1,9,0,1,1,9,1
c_func_328,"int add(int a, int b) { return a + b; }",c,5,2,11,0,1,1,11,0
python_func_329,"def divide(a, b): return a / b",python,3,2,12,0,1,0,12,1
java_func_330,"public int divide(int a, int b) { return a / b; }",java,2,5,12,0,1,1,12,1
rust_func_331,"fn divide(a: i32, b: i32) -> i32 { a / b }",rust,5,2,12,0,0,1,12,1
go_func_332,"func divide(a int, b int) int { return a / b }",go,1,1,12,0,1,1,12,1
cpp_func_333,"int add(int a, int b) { return a + b; }",cpp,4,3,11,0,1,1,11,0
rust_func_334,"fn divide(a: i32, b: i32) -> i32 { a / b }",rust,3,2,12,0,0,1,12,1
go_func_335,"func divide(a int, b int) int { return a / b }",go,2,5,12,0,1,1,12,1
c_func_336,"int add(int a, int b) { return a + b; }",c,3,5,11,0,1,1,11,0
go_func_337,"func add(a int, b int) int { return a + b }",go,2,2,12,0,1,1,12,0
cpp_func_338,"int divide(int a, int b) { return a / b; }",cpp,6,3,11,0,1,1,11,1
rust_func_339,"fn add(a: i32, b: i32) -> i32 { a + b }",rust,3,3,12,0,0,1,12,0
cpp_func_340,"int divide(int a, int b) { return a / b; }",cpp,4,2,11,0,1,1,11,1
cpp_func_341,"int add(int a, int b) { return a + b; }",cpp,1,5,11,0,1,1,11,0
cpp_func_342,"int add(int a, int b) { return a + b; }",cpp,1,1,11,0,1,1,11,0
python_func_343,"def add(a, b): return a + b",python,2,3,12,0,1,0,12,0
c_func_344,"int divide(int a, int b) { return a / b; }",c,5,1,11,0,1,1,11,1
rust_func_345,"fn divide(a: i32, b: i32) -> i32 { a / b }",rust,1,5,12,0,0,1,12,1
c_func_346,"int divide(int a, int b) { return a / b; }",c,3,5,11,0,1,1,11,1
rust_func_347,"fn divide(a: i32, b: i32) -> i32 { a / b }",rust,1,1,12,0,0,1,12,1
javascript_func_348,"function add(a, b) { return a + b; }",javascript,2,1,9,0,1,1,9,0
rust_func_349,"fn divide(a: i32, b: i32) -> i32 { a / b }",rust,5,2,12,0,0,1,12,1
python_func_350,"def add(a, b): return a + b",python,4,4,12,0,1,0,12,0
cpp_func_351,"int add(int a, int b) { return a + b; }",cpp,1,2,11,0,1,1,11,0
go_func_352,"func divide(a int, b int) int { return a / b }",go,3,5,12,0,1,1,12,1
c_func_353,"int divide(int a, int b) { return a / b; }",c,3,2,11,0,1,1,11,1
c_func_354,"int divide(int a, int b) { return a / b; }",c,3,3,11,0,1,1,11,1
go_func_355,"func add(a int, b int) int { return a + b }",go,5,3,12,0,1,1,12,0
cpp_func_356,"int add(int a, int b) { return a + b; }",cpp,4,1,11,0,1,1,11,0
rust_func_357,"fn divide(a: i32, b: i32) -> i32 { a / b }",rust,5,2,12,0,0,1,12,1
cpp_func_358,"int add(int a, int b) { return a + b; }",cpp,1,4,11,0,1,1,11,0
cpp_func_359,"int add(int a, int b) { return a + b; }",cpp,3,3,11,0,1,1,11,0
c_func_360,"int add(int a, int b) { return a + b; }",c,3,5,11,0,1,1,11,0
python_func_361,def read_file(name): file = open(name); return file.read(),python,2,1,18,0,1,2,18,1
rust_func_362,"fn divide(a: i32, b: i32) -> i32 { a / b }",rust,2,3,12,0,0,1,12,1
javascript_func_363,"function add(a, b) { return a + b; }",javascript,6,2,9,0,1,1,9,0
java_func_364,"public int add(int a, int b) { return a + b; }",java,2,2,12,0,1,1,12,0
java_func_365,"public int divide(int a, int b) { return a / b; }",java,3,4,12,0,1,1,12,1
go_func_366,"func divide(a int, b int) int { return a / b }",go,1,5,12,0,1,1,12,1
go_func_367,"func divide(a int, b int) int { return a / b }",go,2,2,12,0,1,1,12,1
java_func_368,"public int divide(int a, int b) { return a / b; }",java,3,2,12,0,1,1,12,1
c_func_369,"int add(int a, int b) { return a + b; }",c,4,2,11,0,1,1,11,0
cpp_func_370,"int add(int a, int b) { return a + b; }",cpp,1,2,11,0,1,1,11,0
python_func_371,"def add(a, b): return a + b",python,4,3,12,0,1,0,12,0
go_func_372,"func divide(a int, b int) int { return a / b }",go,1,1,12,0,1,1,12,1
c_func_373,"int add(int a, int b) { return a + b; }",c,1,2,11,0,1,1,11,0
go_func_374,"func add(a int, b int) int { return a + b }",go,4,2,12,0,1,1,12,0
python_func_375,def read_file(name): file = open(name); return file.read(),python,1,2,18,0,1,2,18,1
java_func_376,"public int add(int a, int b) { return a + b; }",java,2,3,12,0,1,1,12,0
python_func_377,def read_file(name): file = open(name); return file.read(),python,5,1,18,0,1,2,18,1
cpp_func_378,"int add(int a, int b) { return a + b; }",cpp,4,1,11,0,1,1,11,0
go_func_379,"func add(a int, b int) int { return a + b }",go,1,5,12,0,1,1,12,0
javascript_func_380,"function add(a, b) { return a + b; }",javascript,5,3,9,0,1,1,9,0
rust_func_381,"fn divide(a: i32, b: i32) -> i32 { a / b }",rust,2,5,12,0,0,1,12,1
cpp_func_382,"int add(int a, int b) { return a + b; }",cpp,1,4,11,0,1,1,11,0
go_func_383,"func add(a int, b int) int { return a + b }",go,4,3,12,0,1,1,12,0
c_func_384,"int divide(int a, int b) { return a / b; }",c,5,3,11,0,1,1,11,1
go_func_385,"func divide(a int, b int) int { return a / b }",go,6,1,12,0,1,1,12,1
python_func_386,"def add(a, b): return a + b",python,2,1,12,0,1,0,12,0
python_func_387,"def add(a, b): return a + b",python,5,1,12,0,1,0,12,0
c_func_388,"int add(int a, int b) { return a + b; }",c,5,3,11,0,1,1,11,0
javascript_func_389,"function divide(a, b) { return a / b; }",javascript,4,5,9,0,1,1,9,1
rust_func_390,"fn add(a: i32, b: i32) -> i32 { a + b }",rust,6,2,12,0,0,1,12,0
c_func_391,"int add(int a, int b) { return a + b; }",c,4,1,11,0,1,1,11,0
go_func_392,"func add(a int, b int) int { return a + b }",go,4,1,12,0,1,1,12,0
go_func_393,"func add(a int, b int) int { return a + b }",go,3,1,12,0,1,1,12,0
javascript_func_394,"function divide(a, b) { return a / b; }",javascript,5,1,9,0,1,1,9,1
rust_func_395,"fn add(a: i32, b: i32) -> i32 { a + b }",rust,6,4,12,0,0,1,12,0
c_func_396,"int divide(int a, int b) { return a / b; }",c,6,2,11,0,1,1,11,1
python_func_397,def read_file(name): file = open(name); return file.read(),python,6,3,18,0,1,2,18,1
rust_func_398,"fn divide(a: i32, b: i32) -> i32 { a / b }",rust,2,3,12,0,0,1,12,1
python_func_399,"def divide(a, b): return a / b",python,2,5,12,0,1,0,12,1
java_func_400,"public int divide(int a, int b) { return a / b; }",java,6,5,12,0,1,1,12,1
go_func_401,"func divide(a int, b int) int { return a / b }",go,4,4,12,0,1,1,12,1
c_func_402,"int divide(int a, int b) { return a / b; }",c,6,4,11,0,1,1,11,1
go_func_403,"func divide(a int, b int) int { return a / b }",go,3,5,12,0,1,1,12,1
rust_func_404,"fn divide(a: i32, b: i32) -> i32 { a / b }",rust,5,3,12,0,0,1,12,1
cpp_func_405,"int add(int a, int b) { return a + b; }",cpp,2,1,11,0,1,1,11,0
rust_func_406,"fn divide(a: i32, b: i32) -> i32 { a / b }",rust,4,2,12,0,0,1,12,1
go_func_407,"func divide(a int, b int) int { return a / b }",go,2,4,12,0,1,1,12,1
cpp_func_408,"int divide(int a, int b) { return a / b; }",cpp,1,4,11,0,1,1,11,1
rust_func_409,"fn divide(a: i32, b: i32) -> i32 { a / b }",rust,4,1,12,0,0,1,12,1
javascript_func_410,"function divide(a, b) { return a / b; }",javascript,6,5,9,0,1,1,9,1
rust_func_411,"fn divide(a: i32, b: i32) -> i32 { a / b }",rust,6,3,12,0,0,1,12,1
python_func_412,"def add(a, b): return a + b",python,4,3,12,0,1,0,12,0
rust_func_413,"fn add(a: i32, b: i32) -> i32 { a + b }",rust,2,1,12,0,0,1,12,0
c_func_414,"int divide(int a, int b) { return a / b; }",c,1,4,11,0,1,1,11,1
go_func_415,"func add(a int, b int) int { return a + b }",go,5,5,12,0,1,1,12,0
javascript_func_416,"function add(a, b) { return a + b; }",javascript,5,1,9,0,1,1,9,0
cpp_func_417,"int divide(int a, int b) { return a / b; }",cpp,3,4,11,0,1,1,11,1
c_func_418,"int divide(int a, int b) { return a / b; }",c,5,1,11,0,1,1,11,1
cpp_func_419,"int add(int a, int b) { return a + b; }",cpp,6,5,11,0,1,1,11,0
javascript_func_420,"function add(a, b) { return a + b; }",javascript,3,1,9,0,1,1,9,0
java_func_421,"public int add(int a, int b) { return a + b; }",java,2,1,12,0,1,1,12,0
cpp_func_422,"int add(int a, int b) { return a + b; }",cpp,2,5,11,0,1,1,11,0
java_func_423,"public int divide(int a, int b) { return a / b; }",java,4,1,12,0,1,1,12,1
c_func_424,"int divide(int a, int b) { return a / b; }",c,4,4,11,0,1,1,11,1
javascript_func_425,"function add(a, b) { return a + b; }",javascript,6,5,9,0,1,1,9,0
go_func_426,"func add(a int, b int) int { return a + b }",go,1,5,12,0,1,1,12,0
java_func_427,"public int add(int a, int b) { return a + b; }",java,3,2,12,0,1,1,12,0
rust_func_428,"fn divide(a: i32, b: i32) -> i32 { a / b }",rust,6,2,12,0,0,1,12,1
go_func_429,"func divide(a int, b int) int { return a / b }",go,4,5,12,0,1,1,12,1
rust_func_430,"fn divide(a: i32, b: i32) -> i32 { a / b }",rust,3,2,12,0,0,1,12,1
go_func_431,"func add(a int, b int) int { return a + b }",go,4,5,12,0,1,1,12,0
javascript_func_432,"function add(a, b) { return a + b; }",javascript,4,5,9,0,1,1,9,0
cpp_func_433,"int divide(int a, int b) { return a / b; }",cpp,2,3,11,0,1,1,11,1
javascript_func_434,"function divide(a, b) { return a / b; }",javascript,4,5,9,0,1,1,9,1
cpp_func_435,"int add(int a, int b) { return a + b; }",cpp,3,3,11,0,1,1,11,0
go_func_436,"func add(a int, b int) int { return a + b }",go,1,1,12,0,1,1,12,0
go_func_437,"func divide(a int, b int) int { return a / b }",go,3,3,12,0,1,1,12,1
rust_func_438,"fn add(a: i32, b: i32) -> i32 { a + b }",rust,3,2,12,0,0,1,12,0
java_func_439,"public int add(int a, int b) { return a + b; }",java,5,3,12,0,1,1,12,0
javascript_func_440,"function divide(a, b) { return a / b; }",javascript,5,5,9,0,1,1,9,1
cpp_func_441,"int divide(int a, int b) { return a / b; }",cpp,1,4,11,0,1,1,11,1
go_func_442,"func divide(a int, b int) int { return a / b }",go,2,1,12,0,1,1,12,1
java_func_443,"public int add(int a, int b) { return a + b; }",java,4,3,12,0,1,1,12,0
java_func_444,"public int divide(int a, int b) { return a / b; }",java,5,1,12,0,1,1,12,1
java_func_445,"public int add(int a, int b) { return a + b; }",java,4,2,12,0,1,1,12,0
rust_func_446,"fn divide(a: i32, b: i32) -> i32 { a / b }",rust,5,2,12,0,0,1,12,1
c_func_447,"int divide(int a, int b) { return a / b; }",c,3,5,11,0,1,1,11,1
go_func_448,"func divide(a int, b int) int { return a / b }",go,2,3,12,0,1,1,12,1
rust_func_449,"fn divide(a: i32, b: i32) -> i32 { a / b }",rust,1,1,12,0,0,1,12,1
c_func_450,"int add(int a, int b) { return a + b; }",c,2,5,11,0,1,1,11,0
java_func_451,"public int divide(int a, int b) { return a / b; }",java,1,3,12,0,1,1,12,1
python_func_452,"def add(a, b): return a + b",python,2,4,12,0,1,0,12,0
python_func_453,"def divide(a, b): return a / b",python,2,2,12,0,1,0,12,1
cpp_func_454,"int add(int a, int b) { return a + b; }",cpp,1,5,11,0,1,1,11,0
javascript_func_455,"function add(a, b) { return a + b; }",javascript,5,1,9,0,1,1,9,0
c_func_456,"int add(int a, int b) { return a + b; }",c,6,1,11,0,1,1,11,0
cpp_func_457,"int divide(int a, int b) { return a / b; }",cpp,6,3,11,0,1,1,11,1
rust_func_458,"fn add(a: i32, b: i32) -> i32 { a + b }",rust,3,5,12,0,0,1,12,0
cpp_func_459,"int add(int a, int b) { return a + b; }",cpp,1,4,11,0,1,1,11,0
rust_func_460,"fn add(a: i32, b: i32) -> i32 { a + b }",rust,1,4,12,0,0,1,12,0
c_func_461,"int add(int a, int b) { return a + b; }",c,2,4,11,0,1,1,11,0
python_func_462,"def add(a, b): return a + b",python,1,5,12,0,1,0,12,0
java_func_463,"public int add(int a, int b) { return a + b; }",java,2,3,12,0,1,1,12,0
c_func_464,"int add(int a, int b) { return a + b; }",c,1,4,11,0,1,1,11,0
cpp_func_465,"int add(int a, int b) { return a + b; }",cpp,3,1,11,0,1,1,11,0
javascript_func_466,"function add(a, b) { return a + b; }",javascript,2,2,9,0,1,1,9,0
rust_func_467,"fn add(a: i32, b: i32) -> i32 { a + b }",rust,5,4,12,0,0,1,12,0
java_func_468,"public int add(int a, int b) { return a + b; }",java,3,4,12,0,1,1,12,0
go_func_469,"func add(a int, b int) int { return a + b }",go,6,2,12,0,1,1,12,0
cpp_func_470,"int divide(int a, int b) { return a / b; }",cpp,4,2,11,0,1,1,11,1
cpp_func_471,"int add(int a, int b) { return a + b; }",cpp,2,3,11,0,1,1,11,0
cpp_func_472,"int divide(int a, int b) { return a / b; }",cpp,5,4,11,0,1,1,11,1
javascript_func_473,"function divide(a, b) { return a / b; }",javascript,1,5,9,0,1,1,9,1
java_func_474,"public int add(int a, int b) { return a + b; }",java,5,4,12,0,1,1,12,0
java_func_475,"public int divide(int a, int b) { return a / b; }",java,4,2,12,0,1,1,12,1
cpp_func_476,"int add(int a, int b) { return a + b; }",cpp,3,3,11,0,1,1,11,0
cpp_func_477,"int divide(int a, int b) { return a / b; }",cpp,4,3,11,0,1,1,11,1
c_func_478,"int add(int a, int b) { return a + b; }",c,6,5,11,0,1,1,11,0
c_func_479,"int divide(int a, int b) { return a / b; }",c,2,5,11,0,1,1,11,1
python_func_480,def read_file(name): file = open(name); return file.read(),python,5,2,18,0,1,2,18,1
java_func_481,"public int divide(int a, int b) { return a / b; }",java,6,4,12,0,1,1,12,1
c_func_482,"int add(int a, int b) { return a + b; }",c,3,3,11,0,1,1,11,0
python_func_483,"def divide(a, b): return a / b",python,5,1,12,0,1,0,12,1
python_func_484,def read_file(name): file = open(name); return file.read(),python,1,5,18,0,1,2,18,1
go_func_485,"func add(a int, b int) int { return a + b }",go,3,2,12,0,1,1,12,0
c_func_486,"int add(int a, int b) { return a + b; }",c,4,2,11,0,1,1,11,0
c_func_487,"int add(int a, int b) { return a + b; }",c,6,3,11,0,1,1,11,0
go_func_488,"func divide(a int, b int) int { return a / b }",go,6,4,12,0,1,1,12,1
c_func_489,"int divide(int a, int b) { return a / b; }",c,3,3,11,0,1,1,11,1
javascript_func_490,"function add(a, b) { return a + b; }",javascript,4,4,9,0,1,1,9,0
c_func_491,"int add(int a, int b) { return a + b; }",c,2,3,11,0,1,1,11,0
java_func_492,"public int divide(int a, int b) { return a / b; }",java,2,5,12,0,1,1,12,1
cpp_func_493,"int divide(int a, int b) { return a / b; }",cpp,2,4,11,0,1,1,11,1
java_func_494,"public int divide(int a, int b) { return a / b; }",java,6,3,12,0,1,1,12,1
java_func_495,"public int add(int a, int b) { return a + b; }",java,2,1,12,0,1,1,12,0
c_func_496,"int divide(int a, int b) { return a / b; }",c,6,1,11,0,1,1,11,1
go_func_497,"func add(a int, b int) int { return a + b }",go,4,4,12,0,1,1,12,0
go_func_498,"func divide(a int, b int) int { return a / b }",go,5,1,12,0,1,1,12,1
java_func_499,"public int add(int a, int b) { return a + b; }",java,1,5,12,0,1,1,12,0
python_func_500,def read_file(name): file = open(name); return file.read(),python,3,3,18,0,1,2,18,1
python_func_501,def read_file(name): file = open(name); return file.read(),python,3,5,18,0,1,2,18,1
java_func_502,"public int add(int a, int b) { return a + b; }",java,3,3,12,0,1,1,12,0
c_func_503,"int divide(int a, int b) { return a / b; }",c,5,5,11,0,1,1,11,1
rust_func_504,"fn divide(a: i32, b: i32) -> i32 { a / b }",rust,1,2,12,0,0,1,12,1
cpp_func_505,"int add(int a, int b) { return a + b; }",cpp,6,5,11,0,1,1,11,0
rust_func_506,"fn divide(a: i32, b: i32) -> i32 { a / b }",rust,4,5,12,0,0,1,12,1
javascript_func_507,"function divide(a, b) { return a / b; }",javascript,2,3,9,0,1,1,9,1
python_func_508,"def divide(a, b): return a / b",python,1,3,12,0,1,0,12,1
c_func_509,"int divide(int a, int b) { return a / b; }",c,3,5,11,0,1,1,11,1
javascript_func_510,"function divide(a, b) { return a / b; }",javascript,6,1,9,0,1,1,9,1
rust_func_511,"fn divide(a: i32, b: i32) -> i32 { a / b }",rust,5,3,12,0,0,1,12,1
go_func_512,"func add(a int, b int) int { return a + b }",go,4,3,12,0,1,1,12,0
rust_func_513,"fn add(a: i32, b: i32) -> i32 { a + b }",rust,5,2,12,0,0,1,12,0
rust_func_514,"fn divide(a: i32, b: i32) -> i32 { a / b }",rust,1,3,12,0,0,1,12,1
go_func_515,"func divide(a int, b int) int { return a / b }",go,6,4,12,0,1,1,12,1
java_func_516,"public int add(int a, int b) { return a + b; }",java,3,2,12,0,1,1,12,0
go_func_517,"func add(a int, b int) int { return a + b }",go,3,2,12,0,1,1,12,0
python_func_518,def read_file(name): file = open(name); return file.read(),python,1,5,18,0,1,2,18,1
javascript_func_519,"function add(a, b) { return a + b; }",javascript,6,3,9,0,1,1,9,0
c_func_520,"int divide(int a, int b) { return a / b; }",c,2,1,11,0,1,1,11,1
javascript_func_521,"function divide(a, b) { return a / b; }",javascript,2,3,9,0,1,1,9,1
javascript_func_522,"function add(a, b) { return a + b; }",javascript,3,2,9,0,1,1,9,0
java_func_523,"public int add(int a, int b) { return a + b; }",java,3,1,12,0,1,1,12,0
python_func_524,def read_file(name): file = open(name); return file.read(),python,5,2,18,0,1,2,18,1
rust_func_525,"fn add(a: i32, b: i32) -> i32 { a + b }",rust,3,1,12,0,0,1,12,0
java_func_526,"public int divide(int a, int b) { return a / b; }",java,4,5,12,0,1,1,12,1
javascript_func_527,"function divide(a, b) { return a / b; }",javascript,3,2,9,0,1,1,9,1
java_func_528,"public int add(int a, int b) { return a + b; }",java,6,3,12,0,1,1,12,0
c_func_529,"int divide(int a, int b) { return a / b; }",c,1,3,11,0,1,1,11,1
c_func_530,"int divide(int a, int b) { return a / b; }",c,6,3,11,0,1,1,11,1
rust_func_531,"fn divide(a: i32, b: i32) -> i32 { a / b }",rust,4,3,12,0,0,1,12,1
javascript_func_532,"function divide(a, b) { return a / b; }",javascript,2,1,9,0,1,1,9,1
javascript_func_533,"function divide(a, b) { return a / b; }",javascript,5,1,9,0,1,1,9,1
c_func_534,"int divide(int a, int b) { return a / b; }",c,3,3,11,0,1,1,11,1
rust_func_535,"fn divide(a: i32, b: i32) -> i32 { a / b }",rust,4,3,12,0,0,1,12,1
python_func_536,def read_file(name): file = open(name); return file.read(),python,1,5,18,0,1,2,18,1
cpp_func_537,"int add(int a, int b) { return a + b; }",cpp,2,3,11,0,1,1,11,0
python_func_538,def read_file(name): file = open(name); return file.read(),python,6,1,18,0,1,2,18,1
rust_func_539,"fn add(a: i32, b: i32) -> i32 { a + b }",rust,1,5,12,0,0,1,12,0
rust_func_540,"fn add(a: i32, b: i32) -> i32 { a + b }",rust,2,5,12,0,0,1,12,0
java_func_541,"public int divide(int a, int b) { return a / b; }",java,1,2,12,0,1,1,12,1
rust_func_542,"fn add(a: i32, b: i32) -> i32 { a + b }",rust,4,1,12,0,0,1,12,0
java_func_543,"public int divide(int a, int b) { return a / b; }",java,2,3,12,0,1,1,12,1
java_func_544,"public int add(int a, int b) { return a + b; }",java,3,1,12,0,1,1,12,0
go_func_545,"func divide(a int, b int) int { return a / b }",go,2,2,12,0,1,1,12,1
python_func_546,def read_file(name): file = open(name); return file.read(),python,4,5,18,0,1,2,18,1
rust_func_547,"fn add(a: i32, b: i32) -> i32 { a + b }",rust,6,3,12,0,0,1,12,0
java_func_548,"public int add(int a, int b) { return a + b; }",java,6,5,12,0,1,1,12,0
go_func_549,"func divide(a int, b int) int { return a / b }",go,6,5,12,0,1,1,12,1
c_func_550,"int add(int a, int b) { return a + b; }",c,1,3,11,0,1,1,11,0
python_func_551,"def add(a, b): return a + b",python,5,5,12,0,1,0,12,0
cpp_func_552,"int add(int a, int b) { return a + b; }",cpp,2,3,11,0,1,1,11,0
python_func_553,def read_file(name): file = open(name); return file.read(),python,5,2,18,0,1,2,18,1
java_func_554,"public int divide(int a, int b) { return a / b; }",java,1,1,12,0,1,1,12,1
go_func_555,"func divide(a int, b int) int { return a / b }",go,3,5,12,0,1,1,12,1
java_func_556,"public int divide(int a, int b) { return a / b; }",java,1,1,12,0,1,1,12,1
rust_func_557,"fn divide(a: i32, b: i32) -> i32 { a / b }",rust,4,1,12,0,0,1,12,1
python_func_558,"def add(a, b): return a + b",python,2,5,12,0,1,0,12,0
python_func_559,"def divide(a, b): return a / b",python,3,3,12,0,1,0,12,1
cpp_func_560,"int divide(int a, int b) { return a / b; }",cpp,4,4,11,0,1,1,11,1
cpp_func_561,"int divide(int a, int b) { return a / b; }",cpp,2,3,11,0,1,1,11,1
c_func_562,"int divide(int a, int b) { return a / b; }",c,3,3,11,0,1,1,11,1
java_func_563,"public int divide(int a, int b) { return a / b; }",java,2,2,12,0,1,1,12,1
javascript_func_564,"function add(a, b) { return a + b; }",javascript,3,2,9,0,1,1,9,0
javascript_func_565,"function divide(a, b) { return a / b; }",javascript,3,3,9,0,1,1,9,1
rust_func_566,"fn add(a: i32, b: i32) -> i32 { a + b }",rust,6,1,12,0,0,1,12,0
rust_func_567,"fn add(a: i32, b: i32) -> i32 { a + b }",rust,2,3,12,0,0,1,12,0
python_func_568,def read_file(name): file = open(name); return file.read(),python,5,1,18,0,1,2,18,1
cpp_func_569,"int add(int a, int b) { return a + b; }",cpp,5,4,11,0,1,1,11,0
javascript_func_570,"function add(a, b) { return a + b; }",javascript,2,1,9,0,1,1,9,0
java_func_571,"public int divide(int a, int b) { return a / b; }",java,3,3,12,0,1,1,12,1
javascript_func_572,"function add(a, b) { return a + b; }",javascript,6,3,9,0,1,1,9,0
java_func_573,"public int divide(int a, int b) { return a / b; }",java,2,1,12,0,1,1,12,1
javascript_func_574,"function add(a, b) { return a + b; }",javascript,2,2,9,0,1,1,9,0
javascript_func_575,"function divide(a, b) { return a / b; }",javascript,3,2,9,0,1,1,9,1
python_func_576,"def divide(a, b): return a / b",python,5,3,12,0,1,0,12,1
java_func_577,"public int add(int a, int b) { return a + b; }",java,5,2,12,0,1,1,12,0
cpp_func_578,"int add(int a, int b) { return a + b; }",cpp,3,2,11,0,1,1,11,0
c_func_579,"int add(int a, int b) { return a + b; }",c,1,4,11,0,1,1,11,0
cpp_func_580,"int divide(int a, int b) { return a / b; }",cpp,5,4,11,0,1,1,11,1
cpp_func_581,"int divide(int a, int b) { return a / b; }",cpp,3,3,11,0,1,1,11,1
java_func_582,"public int divide(int a, int b) { return a / b; }",java,4,2,12,0,1,1,12,1
javascript_func_583,"function add(a, b) { return a + b; }",javascript,6,5,9,0,1,1,9,0
go_func_584,"func add(a int, b int) int { return a + b }",go,5,4,12,0,1,1,12,0
go_func_585,"func add(a int, b int) int { return a + b }",go,2,5,12,0,1,1,12,0
c_func_586,"int divide(int a, int b) { return a / b; }",c,4,3,11,0,1,1,11,1
rust_func_587,"fn add(a: i32, b: i32) -> i32 { a + b }",rust,1,2,12,0,0,1,12,0
c_func_588,"int add(int a, int b) { return a + b; }",c,2,1,11,0,1,1,11,0
python_func_589,"def add(a, b): return a + b",python,1,2,12,0,1,0,12,0
cpp_func_590,"int divide(int a, int b) { return a / b; }",cpp,5,4,11,0,1,1,11,1
python_func_591,"def divide(a, b): return a / b",python,4,2,12,0,1,0,12,1
c_func_592,"int add(int a, int b) { return a + b; }",c,6,5,11,0,1,1,11,0
cpp_func_593,"int divide(int a, int b) { return a / b; }",cpp,4,4,11,0,1,1,11,1
javascript_func_594,"function divide(a, b) { return a / b; }",javascript,2,4,9,0,1,1,9,1
java_func_595,"public int add(int a, int b) { return a + b; }",java,3,2,12,0,1,1,12,0
javascript_func_596,"function divide(a, b) { return a / b; }",javascript,6,2,9,0,1,1,9,1
java_func_597,"public int add(int a, int b) { return a + b; }",java,6,1,12,0,1,1,12,0
java_func_598,"public int add(int a, int b) { return a + b; }",java,1,1,12,0,1,1,12,0
java_func_599,"public int add(int a, int b) { return a + b; }",java,6,3,12,0,1,1,12,0
go_func_600,"func divide(a int, b int) int { return a / b }",go,1,2,12,0,1,1,12,1
javascript_func_601,"function add(a, b) { return a + b; }",javascript,6,2,9,0,1,1,9,0
python_func_602,def read_file(name): file = open(name); return file.read(),python,1,4,18,0,1,2,18,1
python_func_603,def read_file(name): file = open(name); return file.read(),python,2,4,18,0,1,2,18,1
go_func_604,"func divide(a int, b int) int { return a / b }",go,1,1,12,0,1,1,12,1
rust_func_605,"fn add(a: i32, b: i32) -> i32 { a + b }",rust,2,3,12,0,0,1,12,0
rust_func_606,"fn divide(a: i32, b: i32) -> i32 { a / b }",rust,3,3,12,0,0,1,12,1
python_func_607,def read_file(name): file = open(name); return file.read(),python,1,1,18,0,1,2,18,1
cpp_func_608,"int add(int a, int b) { return a + b; }",cpp,4,3,11,0,1,1,11,0
cpp_func_609,"int divide(int a, int b) { return a / b; }",cpp,6,4,11,0,1,1,11,1
c_func_610,"int add(int a, int b) { return a + b; }",c,2,1,11,0,1,1,11,0
python_func_611,"def divide(a, b): return a / b",python,1,1,12,0,1,0,12,1
rust_func_612,"fn add(a: i32, b: i32) -> i32 { a + b }",rust,1,3,12,0,0,1,12,0
c_func_613,"int add(int a, int b) { return a + b; }",c,3,1,11,0,1,1,11,0
c_func_614,"int divide(int a, int b) { return a / b; }",c,6,1,11,0,1,1,11,1
c_func_615,"int add(int a, int b) { return a + b; }",c,2,1,11,0,1,1,11,0
go_func_616,"func add(a int, b int) int { return a + b }",go,5,1,12,0,1,1,12,0
rust_func_617,"fn divide(a: i32, b: i32) -> i32 { a / b }",rust,2,2,12,0,0,1,12,1
c_func_618,"int add(int a, int b) { return a + b; }",c,4,5,11,0,1,1,11,0
c_func_619,"int add(int a, int b) { return a + b; }",c,6,2,11,0,1,1,11,0
java_func_620,"public int divide(int a, int b) { return a / b; }",java,1,4,12,0,1,1,12,1
cpp_func_621,"int divide(int a, int b) { return a / b; }",cpp,6,2,11,0,1,1,11,1
python_func_622,"def divide(a, b): return a / b",python,3,2,12,0,1,0,12,1
javascript_func_623,"function divide(a, b) { return a / b; }",javascript,5,3,9,0,1,1,9,1
java_func_624,"public int divide(int a, int b) { return a / b; }",java,4,2,12,0,1,1,12,1
java_func_625,"public int add(int a, int b) { return a + b; }",java,2,3,12,0,1,1,12,0
cpp_func_626,"int divide(int a, int b) { return a / b; }",cpp,4,1,11,0,1,1,11,1
python_func_627,def read_file(name): file = open(name); return file.read(),python,1,3,18,0,1,2,18,1
rust_func_628,"fn divide(a: i32, b: i32) -> i32 { a / b }",rust,1,2,12,0,0,1,12,1
python_func_629,def read_file(name): file = open(name); return file.read(),python,1,3,18,0,1,2,18,1
javascript_func_630,"function divide(a, b) { return a / b; }",javascript,4,2,9,0,1,1,9,1
python_func_631,"def divide(a, b): return a / b",python,1,3,12,0,1,0,12,1
cpp_func_632,"int divide(int a, int b) { return a / b; }",cpp,2,5,11,0,1,1,11,1
java_func_633,"public int add(int a, int b) { return a + b; }",java,6,2,12,0,1,1,12,0
rust_func_634,"fn divide(a: i32, b: i32) -> i32 { a / b }",rust,1,3,12,0,0,1,12,1
rust_func_635,"fn add(a: i32, b: i32) -> i32 { a + b }",rust,2,2,12,0,0,1,12,0
java_func_636,"public int add(int a, int b) { return a + b; }",java,3,4,12,0,1,1,12,0
cpp_func_637,"int add(int a, int b) { return a + b; }",cpp,4,5,11,0,1,1,11,0
rust_func_638,"fn divide(a: i32, b: i32) -> i32 { a / b }",rust,6,5,12,0,0,1,12,1
javascript_func_639,"function divide(a, b) { return a / b; }",javascript,2,1,9,0,1,1,9,1
c_func_640,"int divide(int a, int b) { return a / b; }",c,6,2,11,0,1,1,11,1
python_func_641,"def divide(a, b): return a / b",python,6,3,12,0,1,0,12,1
rust_func_642,"fn divide(a: i32, b: i32) -> i32 { a / b }",rust,5,4,12,0,0,1,12,1
c_func_643,"int add(int a, int b) { return a + b; }",c,3,1,11,0,1,1,11,0
go_func_644,"func divide(a int, b int) int { return a / b }",go,5,3,12,0,1,1,12,1
cpp_func_645,"int divide(int a, int b) { return a / b; }",cpp,4,3,11,0,1,1,11,1
go_func_646,"func divide(a int, b int) int { return a / b }",go,6,2,12,0,1,1,12,1
javascript_func_647,"function divide(a, b) { return a / b; }",javascript,3,5,9,0,1,1,9,1
rust_func_648,"fn add(a: i32, b: i32) -> i32 { a + b }",rust,5,4,12,0,0,1,12,0
java_func_649,"public int divide(int a, int b) { return a / b; }",java,1,5,12,0,1,1,12,1
c_func_650,"int divide(int a, int b) { return a / b; }",c,4,2,11,0,1,1,11,1
go_func_651,"func divide(a int, b int) int { return a / b }",go,1,2,12,0,1,1,12,1
javascript_func_652,"function divide(a, b) { return a / b; }",javascript,2,1,9,0,1,1,9,1
rust_func_653,"fn divide(a: i32, b: i32) -> i32 { a / b }",rust,6,1,12,0,0,1,12,1
c_func_654,"int divide(int a, int b) { return a / b; }",c,2,5,11,0,1,1,11,1
python_func_655,def read_file(name): file = open(name); return file.read(),python,3,4,18,0,1,2,18,1
javascript_func_656,"function add(a, b) { return a + b; }",javascript,5,5,9,0,1,1,9,0
rust_func_657,"fn divide(a: i32, b: i32) -> i32 { a / b }",rust,4,1,12,0,0,1,12,1
python_func_658,"def divide(a, b): return a / b",python,6,3,12,0,1,0,12,1
cpp_func_659,"int add(int a, int b) { return a + b; }",cpp,2,2,11,0,1,1,11,0
c_func_660,"int add(int a, int b) { return a + b; }",c,2,5,11,0,1,1,11,0
cpp_func_661,"int add(int a, int b) { return a + b; }",cpp,3,3,11,0,1,1,11,0
javascript_func_662,"function add(a, b) { return a + b; }",javascript,3,4,9,0,1,1,9,0
c_func_663,"int divide(int a, int b) { return a / b; }",c,3,4,11,0,1,1,11,1
cpp_func_664,"int add(int a, int b) { return a + b; }",cpp,6,2,11,0,1,1,11,0
python_func_665,"def divide(a, b): return a / b",python,4,4,12,0,1,0,12,1
rust_func_666,"fn add(a: i32, b: i32) -> i32 { a + b }",rust,1,2,12,0,0,1,12,0
python_func_667,def read_file(name): file = open(name); return file.read(),python,2,5,18,0,1,2,18,1
rust_func_668,"fn divide(a: i32, b: i32) -> i32 { a / b }",rust,2,2,12,0,0,1,12,1
go_func_669,"func divide(a int, b int) int { return a / b }",go,2,1,12,0,1,1,12,1
go_func_670,"func add(a int, b int) int { return a + b }",go,6,3,12,0,1,1,12,0
go_func_671,"func add(a int, b int) int { return a + b }",go,2,2,12,0,1,1,12,0
c_func_672,"int add(int a, int b) { return a + b; }",c,3,1,11,0,1,1,11,0
javascript_func_673,"function divide(a, b) { return a / b; }",javascript,2,4,9,0,1,1,9,1
go_func_674,"func add(a int, b int) int { return a + b }",go,6,2,12,0,1,1,12,0
go_func_675,"func divide(a int, b int) int { return a / b }",go,3,2,12,0,1,1,12,1
java_func_676,"public int divide(int a, int b) { return a / b; }",java,6,2,12,0,1,1,12,1
rust_func_677,"fn divide(a: i32, b: i32) -> i32 { a / b }",rust,3,3,12,0,0,1,12,1
rust_func_678,"fn add(a: i32, b: i32) -> i32 { a + b }",rust,1,4,12,0,0,1,12,0
java_func_679,"public int divide(int a, int b) { return a / b; }",java,6,1,12,0,1,1,12,1
go_func_680,"func divide(a int, b int) int { return a / b }",go,3,1,12,0,1,1,12,1
python_func_681,"def divide(a, b): return a / b",python,3,3,12,0,1,0,12,1
java_func_682,"public int divide(int a, int b) { return a / b; }",java,6,3,12,0,1,1,12,1
java_func_683,"public int add(int a, int b) { return a + b; }",java,5,1,12,0,1,1,12,0
java_func_684,"public int divide(int a, int b) { return a / b; }",java,2,2,12,0,1,1,12,1
cpp_func_685,"int divide(int a, int b) { return a / b; }",cpp,3,2,11,0,1,1,11,1
c_func_686,"int divide(int a, int b) { return a / b; }",c,5,3,11,0,1,1,11,1
cpp_func_687,"int divide(int a, int b) { return a / b; }",cpp,3,2,11,0,1,1,11,1
java_func_688,"public int divide(int a, int b) { return a / b; }",java,5,4,12,0,1,1,12,1
c_func_689,"int add(int a, int b) { return a + b; }",c,4,5,11,0,1,1,11,0
java_func_690,"public int add(int a, int b) { return a + b; }",java,6,3,12,0,1,1,12,0
java_func_691,"public int add(int a, int b) { return a + b; }",java,3,2,12,0,1,1,12,0
rust_func_692,"fn divide(a: i32, b: i32) -> i32 { a / b }",rust,1,2,12,0,0,1,12,1
python_func_693,def read_file(name): file = open(name); return file.read(),python,4,4,18,0,1,2,18,1
c_func_694,"int divide(int a, int b) { return a / b; }",c,5,5,11,0,1,1,11,1
javascript_func_695,"function add(a, b) { return a + b; }",javascript,4,4,9,0,1,1,9,0
cpp_func_696,"int add(int a, int b) { return a + b; }",cpp,2,3,11,0,1,1,11,0
c_func_697,"int add(int a, int b) { return a + b; }",c,4,3,11,0,1,1,11,0
javascript_func_698,"function divide(a, b) { return a / b; }",javascript,5,4,9,0,1,1,9,1
rust_func_699,"fn add(a: i32, b: i32) -> i32 { a + b }",rust,2,1,12,0,0,1,12,0
java_func_700,"public int add(int a, int b) { return a + b; }",java,5,1,12,0,1,1,12,0
java_func_701,"public int add(int a, int b) { return a + b; }",java,4,2,12,0,1,1,12,0
go_func_702,"func divide(a int, b int) int { return a / b }",go,4,5,12,0,1,1,12,1
cpp_func_703,"int add(int a, int b) { return a + b; }",cpp,1,4,11,0,1,1,11,0
python_func_704,"def add(a, b): return a + b",python,4,2,12,0,1,0,12,0
cpp_func_705,"int divide(int a, int b) { return a / b; }",cpp,5,1,11,0,1,1,11,1
c_func_706,"int add(int a, int b) { return a + b; }",c,5,3,11,0,1,1,11,0
javascript_func_707,"function divide(a, b) { return a / b; }",javascript,4,3,9,0,1,1,9,1
java_func_708,"public int divide(int a, int b) { return a / b; }",java,4,3,12,0,1,1,12,1
rust_func_709,"fn divide(a: i32, b: i32) -> i32 { a / b }",rust,6,4,12,0,0,1,12,1
cpp_func_710,"int add(int a, int b) { return a + b; }",cpp,1,4,11,0,1,1,11,0
c_func_711,"int add(int a, int b) { return a + b; }",c,1,5,11,0,1,1,11,0
java_func_712,"public int divide(int a, int b) { return a / b; }",java,1,1,12,0,1,1,12,1
c_func_713,"int divide(int a, int b) { return a / b; }",c,3,4,11,0,1,1,11,1
rust_func_714,"fn divide(a: i32, b: i32) -> i32 { a / b }",rust,2,2,12,0,0,1,12,1
java_func_715,"public int add(int a, int b) { return a + b; }",java,3,3,12,0,1,1,12,0
c_func_716,"int add(int a, int b) { return a + b; }",c,1,4,11,0,1,1,11,0
javascript_func_717,"function divide(a, b) { return a / b; }",javascript,6,3,9,0,1,1,9,1
cpp_func_718,"int add(int a, int b) { return a + b; }",cpp,1,2,11,0,1,1,11,0
c_func_719,"int divide(int a, int b) { return a / b; }",c,6,2,11,0,1,1,11,1
javascript_func_720,"function add(a, b) { return a + b; }",javascript,1,1,9,0,1,1,9,0
python_func_721,"def add(a, b): return a + b",python,1,5,12,0,1,0,12,0
javascript_func_722,"function add(a, b) { return a + b; }",javascript,6,5,9,0,1,1,9,0
cpp_func_723,"int add(int a, int b) { return a + b; }",cpp,4,1,11,0,1,1,11,0
cpp_func_724,"int add(int a, int b) { return a + b; }",cpp,6,1,11,0,1,1,11,0
java_func_725,"public int add(int a, int b) { return a + b; }",java,2,2,12,0,1,1,12,0
go_func_726,"func divide(a int, b int) int { return a / b }",go,2,3,12,0,1,1,12,1
go_func_727,"func add(a int, b int) int { return a + b }",go,4,4,12,0,1,1,12,0
rust_func_728,"fn divide(a: i32, b: i32) -> i32 { a / b }",rust,4,1,12,0,0,1,12,1
cpp_func_729,"int divide(int a, int b) { return a / b; }",cpp,6,2,11,0,1,1,11,1
c_func_730,"int divide(int a, int b) { return a / b; }",c,6,1,11,0,1,1,11,1
c_func_731,"int divide(int a, int b) { return a / b; }",c,5,3,11,0,1,1,11,1
javascript_func_732,"function divide(a, b) { return a / b; }",javascript,2,4,9,0,1,1,9,1
javascript_func_733,"function divide(a, b) { return a / b; }",javascript,3,5,9,0,1,1,9,1
go_func_734,"func add(a int, b int) int { return a + b }",go,6,1,12,0,1,1,12,0
c_func_735,"int divide(int a, int b) { return a / b; }",c,1,3,11,0,1,1,11,1
cpp_func_736,"int add(int a, int b) { return a + b; }",cpp,6,3,11,0,1,1,11,0
go_func_737,"func add(a int, b int) int { return a + b }",go,1,2,12,0,1,1,12,0
python_func_738,def read_file(name): file = open(name); return file.read(),python,5,5,18,0,1,2,18,1
go_func_739,"func divide(a int, b int) int { return a / b }",go,4,5,12,0,1,1,12,1
cpp_func_740,"int divide(int a, int b) { return a / b; }",cpp,5,1,11,0,1,1,11,1
go_func_741,"func add(a int, b int) int { return a + b }",go,4,1,12,0,1,1,12,0
c_func_742,"int add(int a, int b) { return a + b; }",c,4,5,11,0,1,1,11,0
python_func_743,def read_file(name): file = open(name); return file.read(),python,2,1,18,0,1,2,18,1
rust_func_744,"fn add(a: i32, b: i32) -> i32 { a + b }",rust,6,5,12,0,0,1,12,0
java_func_745,"public int add(int a, int b) { return a + b; }",java,6,4,12,0,1,1,12,0
python_func_746,def read_file(name): file = open(name); return file.read(),python,2,1,18,0,1,2,18,1
rust_func_747,"fn divide(a: i32, b: i32) -> i32 { a / b }",rust,5,5,12,0,0,1,12,1
rust_func_748,"fn divide(a: i32, b: i32) -> i32 { a / b }",rust,4,1,12,0,0,1,12,1
java_func_749,"public int add(int a, int b) { return a + b; }",java,4,1,12,0,1,1,12,0
cpp_func_750,"int add(int a, int b) { return a + b; }",cpp,1,5,11,0,1,1,11,0
javascript_func_751,"function add(a, b) { return a + b; }",javascript,6,3,9,0,1,1,9,0
javascript_func_752,"function divide(a, b) { return a / b; }",javascript,6,2,9,0,1,1,9,1
java_func_753,"public int add(int a, int b) { return a + b; }",java,3,1,12,0,1,1,12,0
rust_func_754,"fn add(a: i32, b: i32) -> i32 { a + b }",rust,6,5,12,0,0,1,12,0
cpp_func_755,"int divide(int a, int b) { return a / b; }",cpp,4,2,11,0,1,1,11,1
python_func_756,"def divide(a, b): return a / b",python,3,1,12,0,1,0,12,1
rust_func_757,"fn add(a: i32, b: i32) -> i32 { a + b }",rust,1,1,12,0,0,1,12,0
go_func_758,"func divide(a int, b int) int { return a / b }",go,1,5,12,0,1,1,12,1
java_func_759,"public int add(int a, int b) { return a + b; }",java,1,2,12,0,1,1,12,0
javascript_func_760,"function add(a, b) { return a + b; }",javascript,2,3,9,0,1,1,9,0
python_func_761,"def divide(a, b): return a / b",python,1,2,12,0,1,0,12,1
javascript_func_762,"function divide(a, b) { return a / b; }",javascript,5,4,9,0,1,1,9,1
c_func_763,"int add(int a, int b) { return a + b; }",c,1,1,11,0,1,1,11,0
go_func_764,"func add(a int, b int) int { return a + b }",go,5,4,12,0,1,1,12,0
java_func_765,"public int add(int a, int b) { return a + b; }",java,6,3,12,0,1,1,12,0
python_func_766,"def add(a, b): return a + b",python,3,1,12,0,1,0,12,0
java_func_767,"public int add(int a, int b) { return a + b; }",java,2,2,12,0,1,1,12,0
javascript_func_768,"function divide(a, b) { return a / b; }",javascript,5,1,9,0,1,1,9,1
c_func_769,"int add(int a, int b) { return a + b; }",c,4,5,11,0,1,1,11,0
rust_func_770,"fn divide(a: i32, b: i32) -> i32 { a / b }",rust,5,5,12,0,0,1,12,1
rust_func_771,"fn divide(a: i32, b: i32) -> i32 { a / b }",rust,6,3,12,0,0,1,12,1
c_func_772,"int divide(int a, int b) { return a / b; }",c,2,4,11,0,1,1,11,1
java_func_773,"public int add(int a, int b) { return a + b; }",java,4,2,12,0,1,1,12,0
c_func_774,"int divide(int a, int b) { return a / b; }",c,3,4,11,0,1,1,11,1
rust_func_775,"fn add(a: i32, b: i32) -> i32 { a + b }",rust,5,4,12,0,0,1,12,0
python_func_776,"def add(a, b): return a + b",python,2,1,12,0,1,0,12,0
javascript_func_777,"function divide(a, b) { return a / b; }",javascript,5,5,9,0,1,1,9,1
rust_func_778,"fn divide(a: i32, b: i32) -> i32 { a / b }",rust,5,4,12,0,0,1,12,1
c_func_779,"int add(int a, int b) { return a + b; }",c,4,5,11,0,1,1,11,0
cpp_func_780,"int add(int a, int b) { return a + b; }",cpp,4,5,11,0,1,1,11,0
rust_func_781,"fn add(a: i32, b: i32) -> i32 { a + b }",rust,4,4,12,0,0,1,12,0
javascript_func_782,"function divide(a, b) { return a / b; }",javascript,3,3,9,0,1,1,9,1
javascript_func_783,"function divide(a, b) { return a / b; }",javascript,5,4,9,0,1,1,9,1
javascript_func_784,"function add(a, b) { return a + b; }",javascript,5,5,9,0,1,1,9,0
rust_func_785,"fn add(a: i32, b: i32) -> i32 { a + b }",rust,5,2,12,0,0,1,12,0
python_func_786,"def add(a, b): return a + b",python,2,3,12,0,1,0,12,0
javascript_func_787,"function divide(a, b) { return a / b; }",javascript,5,3,9,0,1,1,9,1
go_func_788,"func divide(a int, b int) int { return a / b }",go,5,1,12,0,1,1,12,1
javascript_func_789,"function add(a, b) { return a + b; }",javascript,6,5,9,0,1,1,9,0
java_func_790,"public int divide(int a, int b) { return a / b; }",java,6,1,12,0,1,1,12,1
rust_func_791,"fn divide(a: i32, b: i32) -> i32 { a / b }",rust,1,3,12,0,0,1,12,1
javascript_func_792,"function add(a, b) { return a + b; }",javascript,2,1,9,0,1,1,9,0
go_func_793,"func divide(a int, b int) int { return a / b }",go,3,5,12,0,1,1,12,1
java_func_794,"public int divide(int a, int b) { return a / b; }",java,6,5,12,0,1,1,12,1
javascript_func_795,"function divide(a, b) { return a / b; }",javascript,6,2,9,0,1,1,9,1
cpp_func_796,"int divide(int a, int b) { return a / b; }",cpp,6,4,11,0,1,1,11,1
javascript_func_797,"function add(a, b) { return a + b; }",javascript,1,3,9,0,1,1,9,0
go_func_798,"func divide(a int, b int) int { return a / b }",go,4,3,12,0,1,1,12,1
javascript_func_799,"function add(a, b) { return a + b; }",javascript,2,4,9,0,1,1,9,0
python_func_800,def read_file(name): file = open(name); return file.read(),python,6,5,18,0,1,2,18,1
java_func_801,"public int add(int a, int b) { return a + b; }",java,6,3,12,0,1,1,12,0
cpp_func_802,"int divide(int a, int b) { return a / b; }",cpp,2,4,11,0,1,1,11,1
java_func_803,"public int add(int a, int b) { return a + b; }",java,1,3,12,0,1,1,12,0
c_func_804,"int add(int a, int b) { return a + b; }",c,6,3,11,0,1,1,11,0
go_func_805,"func add(a int, b int) int { return a + b }",go,1,1,12,0,1,1,12,0
c_func_806,"int add(int a, int b) { return a + b; }",c,1,5,11,0,1,1,11,0
go_func_807,"func add(a int, b int) int { return a + b }",go,3,2,12,0,1,1,12,0
cpp_func_808,"int add(int a, int b) { return a + b; }",cpp,6,2,11,0,1,1,11,0
go_func_809,"func add(a int, b int) int { return a + b }",go,2,3,12,0,1,1,12,0
go_func_810,"func divide(a int, b int) int { return a / b }",go,3,5,12,0,1,1,12,1
rust_func_811,"fn add(a: i32, b: i32) -> i32 { a + b }",rust,6,3,12,0,0,1,12,0
go_func_812,"func divide(a int, b int) int { return a / b }",go,2,1,12,0,1,1,12,1
javascript_func_813,"function add(a, b) { return a + b; }",javascript,5,1,9,0,1,1,9,0
cpp_func_814,"int divide(int a, int b) { return a / b; }",cpp,2,4,11,0,1,1,11,1
cpp_func_815,"int add(int a, int b) { return a + b; }",cpp,3,1,11,0,1,1,11,0
java_func_816,"public int divide(int a, int b) { return a / b; }",java,1,2,12,0,1,1,12,1
python_func_817,def read_file(name): file = open(name); return file.read(),python,1,3,18,0,1,2,18,1
java_func_818,"public int divide(int a, int b) { return a / b; }",java,3,1,12,0,1,1,12,1
go_func_819,"func add(a int, b int) int { return a + b }",go,4,2,12,0,1,1,12,0
java_func_820,"public int add(int a, int b) { return a + b; }",java,3,2,12,0,1,1,12,0
rust_func_821,"fn divide(a: i32, b: i32) -> i32 { a / b }",rust,1,5,12,0,0,1,12,1
go_func_822,"func divide(a int, b int) int { return a / b }",go,3,1,12,0,1,1,12,1
python_func_823,"def add(a, b): return a + b",python,3,5,12,0,1,0,12,0
python_func_824,def read_file(name): file = open(name); return file.read(),python,6,2,18,0,1,2,18,1
rust_func_825,"fn add(a: i32, b: i32) -> i32 { a + b }",rust,6,4,12,0,0,1,12,0
java_func_826,"public int divide(int a, int b) { return a / b; }",java,3,4,12,0,1,1,12,1
javascript_func_827,"function divide(a, b) { return a / b; }",javascript,4,1,9,0,1,1,9,1
cpp_func_828,"int divide(int a, int b) { return a / b; }",cpp,5,3,11,0,1,1,11,1
c_func_829,"int divide(int a, int b) { return a / b; }",c,4,3,11,0,1,1,11,1
java_func_830,"public int divide(int a, int b) { return a / b; }",java,5,1,12,0,1,1,12,1
go_func_831,"func divide(a int, b int) int { return a / b }",go,5,5,12,0,1,1,12,1
python_func_832,"def add(a, b): return a + b",python,4,5,12,0,1,0,12,0
java_func_833,"public int divide(int a, int b) { return a / b; }",java,5,2,12,0,1,1,12,1
python_func_834,"def divide(a, b): return a / b",python,1,3,12,0,1,0,12,1
cpp_func_835,"int divide(int a, int b) { return a / b; }",cpp,3,3,11,0,1,1,11,1
rust_func_836,"fn add(a: i32, b: i32) -> i32 { a + b }",rust,6,5,12,0,0,1,12,0
c_func_837,"int add(int a, int b) { return a + b; }",c,6,5,11,0,1,1,11,0
python_func_838,"def add(a, b): return a + b",python,6,4,12,0,1,0,12,0
cpp_func_839,"int add(int a, int b) { return a + b; }",cpp,4,2,11,0,1,1,11,0
cpp_func_840,"int divide(int a, int b) { return a / b; }",cpp,1,3,11,0,1,1,11,1
python_func_841,"def divide(a, b): return a / b",python,6,1,12,0,1,0,12,1
go_func_842,"func add(a int, b int) int { return a + b }",go,1,2,12,0,1,1,12,0
go_func_843,"func add(a int, b int) int { return a + b }",go,5,3,12,0,1,1,12,0
python_func_844,"def divide(a, b): return a / b",python,4,2,12,0,1,0,12,1
javascript_func_845,"function divide(a, b) { return a / b; }",javascript,5,1,9,0,1,1,9,1
rust_func_846,"fn add(a: i32, b: i32) -> i32 { a + b }",rust,1,2,12,0,0,1,12,0
java_func_847,"public int add(int a, int b) { return a + b; }",java,5,2,12,0,1,1,12,0
go_func_848,"func divide(a int, b int) int { return a / b }",go,6,4,12,0,1,1,12,1
java_func_849,"public int add(int a, int b) { return a + b; }",java,1,3,12,0,1,1,12,0
javascript_func_850,"function divide(a, b) { return a / b; }",javascript,5,3,9,0,1,1,9,1
go_func_851,"func add(a int, b int) int { return a + b }",go,5,5,12,0,1,1,12,0
javascript_func_852,"function divide(a, b) { return a / b; }",javascript,5,5,9,0,1,1,9,1
javascript_func_853,"function add(a, b) { return a + b; }",javascript,2,2,9,0,1,1,9,0
python_func_854,def read_file(name): file = open(name); return file.read(),python,2,5,18,0,1,2,18,1
rust_func_855,"fn divide(a: i32, b: i32) -> i32 { a / b }",rust,6,2,12,0,0,1,12,1
c_func_856,"int add(int a, int b) { return a + b; }",c,3,3,11,0,1,1,11,0
rust_func_857,"fn divide(a: i32, b: i32) -> i32 { a / b }",rust,4,4,12,0,0,1,12,1
c_func_858,"int divide(int a, int b) { return a / b; }",c,5,1,11,0,1,1,11,1
python_func_859,"def add(a, b): return a + b",python,6,1,12,0,1,0,12,0
python_func_860,def read_file(name): file = open(name); return file.read(),python,2,5,18,0,1,2,18,1
python_func_861,"def add(a, b): return a + b",python,3,1,12,0,1,0,12,0
cpp_func_862,"int divide(int a, int b) { return a / b; }",cpp,2,5,11,0,1,1,11,1
javascript_func_863,"function add(a, b) { return a + b; }",javascript,5,1,9,0,1,1,9,0
c_func_864,"int divide(int a, int b) { return a / b; }",c,4,2,11,0,1,1,11,1
rust_func_865,"fn divide(a: i32, b: i32) -> i32 { a / b }",rust,1,3,12,0,0,1,12,1
java_func_866,"public int divide(int a, int b) { return a / b; }",java,4,1,12,0,1,1,12,1
cpp_func_867,"int divide(int a, int b) { return a / b; }",cpp,4,2,11,0,1,1,11,1
rust_func_868,"fn divide(a: i32, b: i32) -> i32 { a / b }",rust,3,2,12,0,0,1,12,1
python_func_869,"def divide(a, b): return a / b",python,3,2,12,0,1,0,12,1
python_func_870,"def add(a, b): return a + b",python,2,3,12,0,1,0,12,0
javascript_func_871,"function add(a, b) { return a + b; }",javascript,3,2,9,0,1,1,9,0
c_func_872,"int add(int a, int b) { return a + b; }",c,1,2,11,0,1,1,11,0
java_func_873,"public int divide(int a, int b) { return a / b; }",java,5,3,12,0,1,1,12,1
rust_func_874,"fn divide(a: i32, b: i32) -> i32 { a / b }",rust,2,1,12,0,0,1,12,1
javascript_func_875,"function divide(a, b) { return a / b; }",javascript,1,4,9,0,1,1,9,1
python_func_876,def read_file(name): file = open(name); return file.read(),python,6,5,18,0,1,2,18,1
go_func_877,"func add(a int, b int) int { return a + b }",go,1,3,12,0,1,1,12,0
go_func_878,"func add(a int, b int) int { return a + b }",go,2,3,12,0,1,1,12,0
java_func_879,"public int divide(int a, int b) { return a / b; }",java,2,1,12,0,1,1,12,1
c_func_880,"int add(int a, int b) { return a + b; }",c,2,5,11,0,1,1,11,0
c_func_881,"int divide(int a, int b) { return a / b; }",c,1,5,11,0,1,1,11,1
c_func_882,"int divide(int a, int b) { return a / b; }",c,1,2,11,0,1,1,11,1
go_func_883,"func divide(a int, b int) int { return a / b }",go,5,1,12,0,1,1,12,1
cpp_func_884,"int add(int a, int b) { return a + b; }",cpp,5,5,11,0,1,1,11,0
go_func_885,"func divide(a int, b int) int { return a / b }",go,4,2,12,0,1,1,12,1
rust_func_886,"fn add(a: i32, b: i32) -> i32 { a + b }",rust,2,2,12,0,0,1,12,0
c_func_887,"int divide(int a, int b) { return a / b; }",c,4,3,11,0,1,1,11,1
cpp_func_888,"int divide(int a, int b) { return a / b; }",cpp,2,1,11,0,1,1,11,1
cpp_func_889,"int divide(int a, int b) { return a / b; }",cpp,1,4,11,0,1,1,11,1
rust_func_890,"fn add(a: i32, b: i32) -> i32 { a + b }",rust,3,4,12,0,0,1,12,0
python_func_891,"def add(a, b): return a + b",python,4,3,12,0,1,0,12,0
go_func_892,"func add(a int, b int) int { return a + b }",go,2,1,12,0,1,1,12,0
cpp_func_893,"int divide(int a, int b) { return a / b; }",cpp,2,4,11,0,1,1,11,1
rust_func_894,"fn divide(a: i32, b: i32) -> i32 { a / b }",rust,4,1,12,0,0,1,12,1
c_func_895,"int divide(int a, int b) { return a / b; }",c,3,1,11,0,1,1,11,1
c_func_896,"int add(int a, int b) { return a + b; }",c,2,4,11,0,1,1,11,0
cpp_func_897,"int add(int a, int b) { return a + b; }",cpp,5,3,11,0,1,1,11,0
python_func_898,"def add(a, b): return a + b",python,1,3,12,0,1,0,12,0
c_func_899,"int add(int a, int b) { return a + b; }",c,4,3,11,0,1,1,11,0
c_func_900,"int add(int a, int b) { return a + b; }",c,2,1,11,0,1,1,11,0
cpp_func_901,"int add(int a, int b) { return a + b; }",cpp,4,1,11,0,1,1,11,0
cpp_func_902,"int add(int a, int b) { return a + b; }",cpp,6,5,11,0,1,1,11,0
cpp_func_903,"int divide(int a, int b) { return a / b; }",cpp,5,1,11,0,1,1,11,1
go_func_904,"func divide(a int, b int) int { return a / b }",go,4,2,12,0,1,1,12,1
c_func_905,"int divide(int a, int b) { return a / b; }",c,3,5,11,0,1,1,11,1
javascript_func_906,"function add(a, b) { return a + b; }",javascript,1,3,9,0,1,1,9,0
c_func_907,"int divide(int a, int b) { return a / b; }",c,2,1,11,0,1,1,11,1
java_func_908,"public int add(int a, int b) { return a + b; }",java,3,2,12,0,1,1,12,0
java_func_909,"public int add(int a, int b) { return a + b; }",java,2,3,12,0,1,1,12,0
javascript_func_910,"function divide(a, b) { return a / b; }",javascript,3,3,9,0,1,1,9,1
java_func_911,"public int divide(int a, int b) { return a / b; }",java,5,2,12,0,1,1,12,1
go_func_912,"func divide(a int, b int) int { return a / b }",go,1,3,12,0,1,1,12,1
go_func_913,"func divide(a int, b int) int { return a / b }",go,3,4,12,0,1,1,12,1
cpp_func_914,"int add(int a, int b) { return a + b; }",cpp,4,5,11,0,1,1,11,0
go_func_915,"func add(a int, b int) int { return a + b }",go,5,2,12,0,1,1,12,0
java_func_916,"public int add(int a, int b) { return a + b; }",java,2,3,12,0,1,1,12,0
go_func_917,"func add(a int, b int) int { return a + b }",go,6,5,12,0,1,1,12,0
python_func_918,"def add(a, b): return a + b",python,2,3,12,0,1,0,12,0
java_func_919,"public int add(int a, int b) { return a + b; }",java,2,1,12,0,1,1,12,0
go_func_920,"func add(a int, b int) int { return a + b }",go,4,3,12,0,1,1,12,0
javascript_func_921,"function divide(a, b) { return a / b; }",javascript,1,1,9,0,1,1,9,1
python_func_922,def read_file(name): file = open(name); return file.read(),python,4,1,18,0,1,2,18,1
cpp_func_923,"int add(int a, int b) { return a + b; }",cpp,5,3,11,0,1,1,11,0
go_func_924,"func divide(a int, b int) int { return a / b }",go,6,5,12,0,1,1,12,1
javascript_func_925,"function add(a, b) { return a + b; }",javascript,6,4,9,0,1,1,9,0
c_func_926,"int divide(int a, int b) { return a / b; }",c,3,2,11,0,1,1,11,1
rust_func_927,"fn add(a: i32, b: i32) -> i32 { a + b }",rust,5,4,12,0,0,1,12,0
cpp_func_928,"int divide(int a, int b) { return a / b; }",cpp,1,3,11,0,1,1,11,1
c_func_929,"int divide(int a, int b) { return a / b; }",c,3,2,11,0,1,1,11,1
javascript_func_930,"function add(a, b) { return a + b; }",javascript,1,3,9,0,1,1,9,0
cpp_func_931,"int add(int a, int b) { return a + b; }",cpp,6,1,11,0,1,1,11,0
java_func_932,"public int add(int a, int b) { return a + b; }",java,4,4,12,0,1,1,12,0
go_func_933,"func add(a int, b int) int { return a + b }",go,2,3,12,0,1,1,12,0
rust_func_934,"fn divide(a: i32, b: i32) -> i32 { a / b }",rust,4,5,12,0,0,1,12,1
go_func_935,"func add(a int, b int) int { return a + b }",go,1,3,12,0,1,1,12,0
rust_func_936,"fn divide(a: i32, b: i32) -> i32 { a / b }",rust,6,2,12,0,0,1,12,1
cpp_func_937,"int divide(int a, int b) { return a / b; }",cpp,2,1,11,0,1,1,11,1
rust_func_938,"fn add(a: i32, b: i32) -> i32 { a + b }",rust,4,1,12,0,0,1,12,0
javascript_func_939,"function add(a, b) { return a + b; }",javascript,1,5,9,0,1,1,9,0
c_func_940,"int divide(int a, int b) { return a / b; }",c,3,2,11,0,1,1,11,1
rust_func_941,"fn add(a: i32, b: i32) -> i32 { a + b }",rust,3,1,12,0,0,1,12,0
python_func_942,def read_file(name): file = open(name); return file.read(),python,1,2,18,0,1,2,18,1
javascript_func_943,"function add(a, b) { return a + b; }",javascript,1,3,9,0,1,1,9,0
javascript_func_944,"function add(a, b) { return a + b; }",javascript,3,3,9,0,1,1,9,0
python_func_945,def read_file(name): file = open(name); return file.read(),python,5,2,18,0,1,2,18,1
rust_func_946,"fn add(a: i32, b: i32) -> i32 { a + b }",rust,3,1,12,0,0,1,12,0
rust_func_947,"fn divide(a: i32, b: i32) -> i32 { a / b }",rust,5,2,12,0,0,1,12,1
go_func_948,"func divide(a int, b int) int { return a / b }",go,2,5,12,0,1,1,12,1
java_func_949,"public int divide(int a, int b) { return a / b; }",java,6,2,12,0,1,1,12,1
rust_func_950,"fn divide(a: i32, b: i32) -> i32 { a / b }",rust,5,2,12,0,0,1,12,1
rust_func_951,"fn add(a: i32, b: i32) -> i32 { a + b }",rust,3,2,12,0,0,1,12,0
javascript_func_952,"function add(a, b) { return a + b; }",javascript,4,5,9,0,1,1,9,0
c_func_953,"int add(int a, int b) { return a + b; }",c,4,3,11,0,1,1,11,0
javascript_func_954,"function divide(a, b) { return a / b; }",javascript,6,5,9,0,1,1,9,1
rust_func_955,"fn add(a: i32, b: i32) -> i32 { a + b }",rust,3,4,12,0,0,1,12,0
javascript_func_956,"function add(a, b) { return a + b; }",javascript,3,4,9,0,1,1,9,0
javascript_func_957,"function divide(a, b) { return a / b; }",javascript,2,4,9,0,1,1,9,1
go_func_958,"func add(a int, b int) int { return a + b }",go,1,3,12,0,1,1,12,0
cpp_func_959,"int divide(int a, int b) { return a / b; }",cpp,5,5,11,0,1,1,11,1
cpp_func_960,"int divide(int a, int b) { return a / b; }",cpp,4,3,11,0,1,1,11,1
cpp_func_961,"int divide(int a, int b) { return a / b; }",cpp,6,1,11,0,1,1,11,1
c_func_962,"int add(int a, int b) { return a + b; }",c,3,1,11,0,1,1,11,0
c_func_963,"int divide(int a, int b) { return a / b; }",c,6,2,11,0,1,1,11,1
c_func_964,"int add(int a, int b) { return a + b; }",c,1,2,11,0,1,1,11,0
go_func_965,"func add(a int, b int) int { return a + b }",go,4,1,12,0,1,1,12,0
javascript_func_966,"function divide(a, b) { return a / b; }",javascript,2,1,9,0,1,1,9,1
rust_func_967,"fn add(a: i32, b: i32) -> i32 { a + b }",rust,1,4,12,0,0,1,12,0
go_func_968,"func add(a int, b int) int { return a + b }",go,3,3,12,0,1,1,12,0
c_func_969,"int divide(int a, int b) { return a / b; }",c,6,2,11,0,1,1,11,1
rust_func_970,"fn divide(a: i32, b: i32) -> i32 { a / b }",rust,1,5,12,0,0,1,12,1
javascript_func_971,"function add(a, b) { return a + b; }",javascript,2,4,9,0,1,1,9,0
cpp_func_972,"int add(int a, int b) { return a + b; }",cpp,6,4,11,0,1,1,11,0
java_func_973,"public int divide(int a, int b) { return a / b; }",java,3,3,12,0,1,1,12,1
c_func_974,"int divide(int a, int b) { return a / b; }",c,3,4,11,0,1,1,11,1
python_func_975,def read_file(name): file = open(name); return file.read(),python,6,3,18,0,1,2,18,1
rust_func_976,"fn divide(a: i32, b: i32) -> i32 { a / b }",rust,3,4,12,0,0,1,12,1
go_func_977,"func divide(a int, b int) int { return a / b }",go,5,4,12,0,1,1,12,1
c_func_978,"int add(int a, int b) { return a + b; }",c,2,4,11,0,1,1,11,0
rust_func_979,"fn divide(a: i32, b: i32) -> i32 { a / b }",rust,4,5,12,0,0,1,12,1
go_func_980,"func add(a int, b int) int { return a + b }",go,4,3,12,0,1,1,12,0
java_func_981,"public int divide(int a, int b) { return a / b; }",java,5,1,12,0,1,1,12,1
go_func_982,"func divide(a int, b int) int { return a / b }",go,6,3,12,0,1,1,12,1
go_func_983,"func add(a int, b int) int { return a + b }",go,3,2,12,0,1,1,12,0
java_func_984,"public int divide(int a, int b) { return a / b; }",java,6,3,12,0,1,1,12,1
python_func_985,def read_file(name): file = open(name); return file.read(),python,3,4,18,0,1,2,18,1
rust_func_986,"fn add(a: i32, b: i32) -> i32 { a + b }",rust,2,1,12,0,0,1,12,0
rust_func_987,"fn divide(a: i32, b: i32) -> i32 { a / b }",rust,6,4,12,0,0,1,12,1
python_func_988,"def add(a, b): return a + b",python,6,1,12,0,1,0,12,0
go_func_989,"func divide(a int, b int) int { return a / b }",go,1,3,12,0,1,1,12,1
cpp_func_990,"int divide(int a, int b) { return a / b; }",cpp,3,2,11,0,1,1,11,1
cpp_func_991,"int divide(int a, int b) { return a / b; }",cpp,6,5,11,0,1,1,11,1
c_func_992,"int add(int a, int b) { return a + b; }",c,4,1,11,0,1,1,11,0
javascript_func_993,"function add(a, b) { return a + b; }",javascript,2,2,9,0,1,1,9,0
javascript_func_994,"function add(a, b) { return a + b; }",javascript,3,5,9,0,1,1,9,0
go_func_995,"func add(a int, b int) int { return a + b }",go,6,2,12,0,1,1,12,0
c_func_996,"int divide(int a, int b) { return a / b; }",c,1,5,11,0,1,1,11,1
c_func_997,"int add(int a, int b) { return a + b; }",c,1,1,11,0,1,1,11,0
javascript_func_998,"function add(a, b) { return a + b; }",javascript,4,4,9,0,1,1,9,0
c_func_999,"int add(int a, int b) { return a + b; }",c,3,2,11,0,1,1,11,0
